Query,Closest_Match,manual,curated_match$Closest_Match,average_molecular_weight,direct_parent,kingdom,super_class,class,sub_class,molecular_framework
Uridine-5’-monophosphate,Uridine 5'-monophosphate,1,Uridine 5'-monophosphate,324.1813,Pyrimidine ribonucleoside monophosphates,Organic compounds,"Nucleosides, nucleotides, and analogues",Pyrimidine nucleotides,Pyrimidine ribonucleotides,Aromatic heteromonocyclic compounds
"Uridine-2’,3’-cyclicmonophosphate",Uridine 5'-monophosphate,1,"Uridine 2',3'-cyclic phosphate",324.1813,Pyrimidine ribonucleoside monophosphates,Organic compounds,"Nucleosides, nucleotides, and analogues",Pyrimidine nucleotides,Pyrimidine ribonucleotides,Aromatic heteromonocyclic compounds
"Uridine-3’,5’-cyclicmonophosphate",Uridine 5'-monophosphate,3,"Uridine 2',3'-cyclic phosphate",324.1813,Pyrimidine ribonucleoside monophosphates,Organic compounds,"Nucleosides, nucleotides, and analogues",Pyrimidine nucleotides,Pyrimidine ribonucleotides,Aromatic heteromonocyclic compounds
O-Phospho-DTyrosine,O-Phosphotyrosine,3,O-Phosphotyrosine,261.1684,Phenylalanine and derivatives,Organic compounds,Organic acids and derivatives,Carboxylic acids and derivatives,"Amino acids, peptides, and analogues",Aromatic homomonocyclic compounds
O-Phospho-LTyrosine,O-Phosphotyrosine,1,O-Phosphotyrosine,261.1684,Phenylalanine and derivatives,Organic compounds,Organic acids and derivatives,Carboxylic acids and derivatives,"Amino acids, peptides, and analogues",Aromatic homomonocyclic compounds
Phosphocreatin,Phosphocreatine,1,Phosphocreatine,211.1131,Alpha amino acids and derivatives,Organic compounds,Organic acids and derivatives,Carboxylic acids and derivatives,"Amino acids, peptides, and analogues",Aliphatic acyclic compounds
PhosphorylCholine,Phosphorylcholine,1,Phosphorylcholine,184.1507,Phosphocholines,Organic compounds,Organic nitrogen compounds,Organonitrogen compounds,Quaternary ammonium salts,Aliphatic acyclic compounds
Thymidine-3’- monophosphate,Thiamine monophosphate,1,thymidine 3'-monophosphate,322.21,Ribonucleoside 3'-phosphates,Organic compounds,"Nucleosides, nucleotides, and analogues",Ribonucleoside 3'-phosphates,NA,Aromatic heteromonocyclic compounds
Thymidine-5’- monophosphate,Thiamine monophosphate,3,thymidine 3'-monophosphate,322.21,Ribonucleoside 3'-phosphates,Organic compounds,"Nucleosides, nucleotides, and analogues",Ribonucleoside 3'-phosphates,NA,Aromatic heteromonocyclic compounds
Inositol Hexaphosphate,Inositol oxygenase,1,myo-Inositol hexakisphosphate,660.04,Inositol phosphates,Organic compounds,Organic oxygen compounds,Organooxygen compounds,Alcohols and polyols,Aliphatic homomonocyclic compounds
"Thymidine 3’,5’- cyclic monophosphate",Thiamine monophosphate,3,"Thymidine 3',5'-cyclic monophosphate",304.19,Pyrimidones,Organic compounds,Organoheterocyclic compounds,Diazines,Pyrimidines and pyrimidine derivatives,Aromatic heteropolycyclic compounds
Control,Control,1,Control,0,Control,Control,Control,Control,Control,Control
Sulfate,Sulfate,1,Sulfate,98.08,Non-metal sulfates,Inorganic compounds,Homogeneous non-metal compounds,Non-metal oxoanionic compounds,Non-metal sulfates,NA
Thiosulfate,Thiosulfate,1,Thiosulfate,114.14,Non-metal thiosulfates,Inorganic compounds,Homogeneous non-metal compounds,Non-metal oxoanionic compounds,Non-metal thiosulfates,NA
T etrathionate,5-Tetrathiane,1,Tetrathionic Acid,226.25,Non-metal tetrathionates,Inorganic compounds,Homogeneous non-metal compounds,Non-metal oxoanionic compounds,Non-metal tetrathionates,NA
Thiophosphate,Triphosphate,0,Triphosphate,NA,NA,NA,NA,NA,NA,NA
Dithiophosphate,Diethylphosphate,0,Diethylphosphate,NA,NA,NA,NA,NA,NA,NA
L-Cysteine,L-Cysteine,1,L-Cysteine,121.158,Cysteine and derivatives,Organic compounds,Organic acids and derivatives,Carboxylic acids and derivatives,"Amino acids, peptides, and analogues",Aliphatic acyclic compounds
D-Cysteine,D-Cysteine,1,D-Cysteine,121.15,Cysteine and derivatives,Organic compounds,Organic acids and derivatives,Carboxylic acids and derivatives,"Amino acids, peptides, and analogues",Aliphatic acyclic compounds
L-Cysteinyl- Glycine,Cysteinylglycine,1,Cysteinylglycine,178.21,Dipeptides,Organic compounds,Organic acids and derivatives,Carboxylic acids and derivatives,"Amino acids, peptides, and analogues",Aliphatic acyclic compounds
L-Cysteic Acid,Cysteic acid,1,Cysteic acid,169.156,Alpha amino acids,Organic compounds,Organic acids and derivatives,Carboxylic acids and derivatives,"Amino acids, peptides, and analogues",Aliphatic acyclic compounds
Cysteamine,Cysteamine,1,Cysteamine,77.149,Alkylthiols,Organic compounds,Organosulfur compounds,Thiols,Alkylthiols,Aliphatic acyclic compounds
L-Cysteine Sulfinic Acid,L-Cysteine,1,Cysteine sulfinic acid,121.158,Cysteine and derivatives,Organic compounds,Organic acids and derivatives,Carboxylic acids and derivatives,"Amino acids, peptides, and analogues",Aliphatic acyclic compounds
N-Acetyl-L- Cysteine,N6-Acetyl-L-lysine,1,Acetylcysteine,163.20,N-acyl-L-alpha-amino acids,Organic compounds,Organic acids and derivatives,Carboxylic acids and derivatives,"Amino acids, peptides, and analogues",Aliphatic acyclic compounds
S-Methyl-L- Cysteine,Methylcysteine,1,Methylcysteine,135.18,Cysteine and derivatives,Organic compounds,Organic acids and derivatives,Carboxylic acids and derivatives,"Amino acids, peptides, and analogues",Aliphatic acyclic compounds
Cystathionine,L-Cystathionine,1,L-Cystathionine,222.262,L-cysteine-S-conjugates,Organic compounds,Organic acids and derivatives,Carboxylic acids and derivatives,"Amino acids, peptides, and analogues",Aliphatic acyclic compounds
Lanthionine,Lenthionine,1,Lanthionine,208.23,L-cysteine-S-conjugates,Organic compounds,Organic acids and derivatives,Carboxylic acids and derivatives,"Amino acids, peptides, and analogues",Aliphatic acyclic compounds
Glutathione,Glutathione,1,Glutathione,307.323,Peptides,Organic compounds,Organic acids and derivatives,Carboxylic acids and derivatives,"Amino acids, peptides, and analogues",Aliphatic acyclic compounds
"D,L-Ethionine",L-Methionine,0,L-Methionine,NA,NA,NA,NA,NA,NA,NA
L-Methionine,L-Methionine,1,L-Methionine,149.211,Methionine and derivatives,Organic compounds,Organic acids and derivatives,Carboxylic acids and derivatives,"Amino acids, peptides, and analogues",Aliphatic acyclic compounds
D-Methionine,L-Methionine,3,L-Methionine,149.211,Methionine and derivatives,Organic compounds,Organic acids and derivatives,Carboxylic acids and derivatives,"Amino acids, peptides, and analogues",Aliphatic acyclic compounds
Glycyl-L- Methionine,Glycyl-Methionine,1,Glycyl-Methionine,206.263,Dipeptides,Organic compounds,Organic acids and derivatives,Carboxylic acids and derivatives,"Amino acids, peptides, and analogues",Aliphatic acyclic compounds
"N-Acetyl-D,L- Methionine",N-Acetyl-L-methionine,3,N-Acetyl-L-methionine,191.248,Methionine and derivatives,Organic compounds,Organic acids and derivatives,Carboxylic acids and derivatives,"Amino acids, peptides, and analogues",Aliphatic acyclic compounds
L-Methionine Sulfoxide,Methionine sulfoxide,1,Methionine sulfoxide,165.21,L-alpha-amino acids,Organic compounds,Organic acids and derivatives,Carboxylic acids and derivatives,"Amino acids, peptides, and analogues",Aliphatic acyclic compounds
L-Methionine Sulfone,Methionine sulfoximine,1,Methionine sulfone,181.21,L-alpha-amino acids,Organic compounds,Organic acids and derivatives,Carboxylic acids and derivatives,"Amino acids, peptides, and analogues",Aliphatic acyclic compounds
L-Djenkolic Acid,Linoleic acid,1,Djenkolic acid,254.33,Cysteine and derivatives,Organic compounds,Organic acids and derivatives,Carboxylic acids and derivatives,"Amino acids, peptides, and analogues",Aliphatic acyclic compounds
Thiourea,Thiourea,1,Thiourea,76.121,Thioureas,Organic compounds,Organosulfur compounds,Thioureas,NA,Aliphatic acyclic compounds
1-Thio--DGlucose,8-di-O-b-D-glucoside,1,Thioglucose,196.22,Monosaccharides,Organic compounds,Organic oxygen compounds,Organooxygen compounds,Carbohydrates and carbohydrate conjugates,Aliphatic acyclic compounds
"D,L-Lipoamide",Lipoamide,1,Lipoamide,205.341,Lipoamides,Organic compounds,Organoheterocyclic compounds,Dithiolanes,Lipoamides,Aliphatic heteromonocyclic compounds
Taurocholic acid,Taurocholic acid,1,Taurocholic acid,515.703,"Trihydroxy bile acids, alcohols and derivatives",Organic compounds,Lipids and lipid-like molecules,Steroids and steroid derivatives,"Bile acids, alcohols and derivatives",Aliphatic homopolycyclic compounds
Taurine,Taurine,1,Taurine,125.147,Organosulfonic acids,Organic compounds,Organic acids and derivatives,Organic sulfonic acids and derivatives,Organosulfonic acids and derivatives,Aliphatic acyclic compounds
Hypotaurine,Hypotaurine,1,Hypotaurine,109.147,Sulfinic acids,Organic compounds,Organic acids and derivatives,Sulfinic acids and derivatives,Sulfinic acids,Aliphatic acyclic compounds
p-Amino Benzene Sulfonic Acid,p-Aminobenzoic acid,1,Sulfanilic acid,173.19,Benzenesulfonic acids and derivatives,Organic compounds,Benzenoids,Benzene and substituted derivatives,Benzenesulfonic acids and derivatives,Aromatic homomonocyclic compounds
L-Galactonic Acid-?-Lactone,Galactonic acid,1,L-Gulonolactone,178.14,Gamma butyrolactones,Organic compounds,Organoheterocyclic compounds,Lactones,Gamma butyrolactones,Aliphatic heteromonocyclic compounds
D-Galacturonic Acid,Galacturonic acid,1,Galacturonic acid,194.1394,Glucuronic acid derivatives,Organic compounds,Organic oxygen compounds,Organooxygen compounds,Carbohydrates and carbohydrate conjugates,Aliphatic acyclic compounds
Phenylethyl- amine,Phenylethylamine,1,Phenylethylamine,121.1796,Phenethylamines,Organic compounds,Benzenoids,Benzene and substituted derivatives,Phenethylamines,Aromatic homomonocyclic compounds
2-Aminoethanol,4-Aminophenol,1,4-Amino-1-butanol,89.14,Alkanolamines,Organic compounds,Organic nitrogen compounds,Organonitrogen compounds,Amines,Aliphatic acyclic compounds
L-Arabinose,L-Arabinose,1,L-Arabinose,150.1299,Pentoses,Organic compounds,Organic oxygen compounds,Organooxygen compounds,Carbohydrates and carbohydrate conjugates,Aliphatic heteromonocyclic compounds
N-Acetyl-DGlucosamine,N-Acetyl-D-glucosamine,1,N-Acetyl-D-glucosamine,221.2078,Acylaminosugars,Organic compounds,Organic oxygen compounds,Organooxygen compounds,Carbohydrates and carbohydrate conjugates,Aliphatic heteromonocyclic compounds
D-SaccharicAcid,Saccharin,1,Glucaric acid,210.14,Glucuronic acid derivatives,Organic compounds,Organic oxygen compounds,Organooxygen compounds,Carbohydrates and carbohydrate conjugates,Aliphatic acyclic compounds
SuccinicAcid,Succinic acid,1,Succinic acid,118.088,Dicarboxylic acids and derivatives,Organic compounds,Organic acids and derivatives,Carboxylic acids and derivatives,Dicarboxylic acids and derivatives,Aliphatic acyclic compounds
D-Galactose,D-Galactose,1,D-Galactose,180.1559,Hexoses,Organic compounds,Organic oxygen compounds,Organooxygen compounds,Carbohydrates and carbohydrate conjugates,Aliphatic heteromonocyclic compounds
L-AsparticAcid,L-Aspartic acid,1,L-Aspartic acid,133.1027,Aspartic acid and derivatives,Organic compounds,Organic acids and derivatives,Carboxylic acids and derivatives,"Amino acids, peptides, and analogues",Aliphatic acyclic compounds
L-Proline,L-Proline,1,L-Proline,115.1305,Proline and derivatives,Organic compounds,Organic acids and derivatives,Carboxylic acids and derivatives,"Amino acids, peptides, and analogues",Aliphatic heteromonocyclic compounds
D-Alanine,D-Alanine,1,D-Alanine,89.0932,Alanine and derivatives,Organic compounds,Organic acids and derivatives,Carboxylic acids and derivatives,"Amino acids, peptides, and analogues",Aliphatic acyclic compounds
D-Trehalose,Trehalose,1,Trehalose,342.2965,O-glycosyl compounds,Organic compounds,Organic oxygen compounds,Organooxygen compounds,Carbohydrates and carbohydrate conjugates,Aliphatic heteromonocyclic compounds
D-Mannose,D-Mannose,1,D-Mannose,180.1559,Hexoses,Organic compounds,Organic oxygen compounds,Organooxygen compounds,Carbohydrates and carbohydrate conjugates,Aliphatic heteromonocyclic compounds
Dulcitol,Dulciol D,1,Dulciol D,336.338,Xanthones,Organic compounds,Organoheterocyclic compounds,Benzopyrans,1-benzopyrans,Aromatic heteropolycyclic compounds
D-Serine,D-Serine,1,D-Serine,105.0926,Serine and derivatives,Organic compounds,Organic acids and derivatives,Carboxylic acids and derivatives,"Amino acids, peptides, and analogues",Aliphatic acyclic compounds
D-Sorbitol,Sorbitol,1,Sorbitol,182.1718,Sugar alcohols,Organic compounds,Organic oxygen compounds,Organooxygen compounds,Carbohydrates and carbohydrate conjugates,Aliphatic acyclic compounds
Glycerol,Glycerol,1,Glycerol,92.0938,Sugar alcohols,Organic compounds,Organic oxygen compounds,Organooxygen compounds,Carbohydrates and carbohydrate conjugates,Aliphatic acyclic compounds
L-Fucose,L-Fucose,1,L-Fucose,164.1565,Hexoses,Organic compounds,Organic oxygen compounds,Organooxygen compounds,Carbohydrates and carbohydrate conjugates,Aliphatic heteromonocyclic compounds
D-GlucuronicAcid,D-Glucuronic acid,1,D-Glucuronic acid,194.1394,Glucuronic acid derivatives,Organic compounds,Organic oxygen compounds,Organooxygen compounds,Carbohydrates and carbohydrate conjugates,Aliphatic heteromonocyclic compounds
D-GluconicAcid,D-Glucuronic acid,1,D-Glucuronic acid,194.1394,Glucuronic acid derivatives,Organic compounds,Organic oxygen compounds,Organooxygen compounds,Carbohydrates and carbohydrate conjugates,Aliphatic heteromonocyclic compounds
"D,L--Glycerol-Phosphate",Glycerol Phosphate Shuttle,3,Glycerol 3-phosphate,172.07,Glycerophosphates,Organic compounds,Lipids and lipid-like molecules,Glycerophospholipids,Glycerophosphates,Aliphatic acyclic compounds
D-Xylose,D-Xylose,1,D-Xylose,150.1299,Pentoses,Organic compounds,Organic oxygen compounds,Organooxygen compounds,Carbohydrates and carbohydrate conjugates,Aliphatic heteromonocyclic compounds
L-LacticAcid,L-Lactic acid,1,L-Lactic acid,90.0779,Alpha hydroxy acids and derivatives,Organic compounds,Organic acids and derivatives,Hydroxy acids and derivatives,Alpha hydroxy acids and derivatives,Aliphatic acyclic compounds
FormicAcid,Formic acid,1,Formic acid,46.0254,Carboxylic acids,Organic compounds,Organic acids and derivatives,Carboxylic acids and derivatives,Carboxylic acids,Aliphatic acyclic compounds
D-Mannitol,Mannitol,1,Mannitol,182.1718,Sugar alcohols,Organic compounds,Organic oxygen compounds,Organooxygen compounds,Carbohydrates and carbohydrate conjugates,Aliphatic acyclic compounds
L-GlutamicAcid,L-Glutamic acid,1,L-Glutamic acid,147.1293,Glutamic acid and derivatives,Organic compounds,Organic acids and derivatives,Carboxylic acids and derivatives,"Amino acids, peptides, and analogues",Aliphatic acyclic compounds
D-Glucose-6Phosphate,D-Glucose,1,Glucose 6-phosphate,180.1559,Hexoses,Organic compounds,Organic oxygen compounds,Organooxygen compounds,Carbohydrates and carbohydrate conjugates,Aliphatic heteromonocyclic compounds
D-GalactonicAcid--Lactone,Galactonolactone,1,Galactonolactone,178.14,Lactones,Organic compounds,Organoheterocyclic compounds,Lactones,NA,Aliphatic heteromonocyclic compounds
"D,L-MalicAcid",D-Malic acid,1,D-Malic acid,134.0874,Beta hydroxy acids and derivatives,Organic compounds,Organic acids and derivatives,Hydroxy acids and derivatives,Beta hydroxy acids and derivatives,Aliphatic acyclic compounds
D-Ribose,D-Ribose,1,D-Ribose,150.1299,Pentoses,Organic compounds,Organic oxygen compounds,Organooxygen compounds,Carbohydrates and carbohydrate conjugates,Aliphatic heteromonocyclic compounds
Tween20,Tejedine,1,Polysorbate 20,668.7322,Benzylisoquinolines,Organic compounds,Organoheterocyclic compounds,Isoquinolines and derivatives,Benzylisoquinolines,Aromatic heteropolycyclic compounds
L-Rhamnose,L-Rhamnulose,1,Rhamnose,164.16,Hexoses,Organic compounds,Organic oxygen compounds,Organooxygen compounds,Carbohydrates and carbohydrate conjugates,Aliphatic heteromonocyclic compounds
D-Fructose,D-Fructose,1,D-Fructose,180.1559,C-glycosyl compounds,Organic compounds,Organic oxygen compounds,Organooxygen compounds,Carbohydrates and carbohydrate conjugates,Aliphatic heteromonocyclic compounds
AceticAcid,Acetic acid,1,Acetic acid,60.052,Carboxylic acids,Organic compounds,Organic acids and derivatives,Carboxylic acids and derivatives,Carboxylic acids,Aliphatic acyclic compounds
D-Glucose,D-Glucose,1,D-Glucose,180.1559,Hexoses,Organic compounds,Organic oxygen compounds,Organooxygen compounds,Carbohydrates and carbohydrate conjugates,Aliphatic heteromonocyclic compounds
Maltose,D-Maltose,1,D-Maltose,342.2965,O-glycosyl compounds,Organic compounds,Organic oxygen compounds,Organooxygen compounds,Carbohydrates and carbohydrate conjugates,Aliphatic heteromonocyclic compounds
D-Melibiose,Melibiose,1,Melibiose,342.2965,O-glycosyl compounds,Organic compounds,Organic oxygen compounds,Organooxygen compounds,Carbohydrates and carbohydrate conjugates,Aliphatic heteromonocyclic compounds
Thymidine,Thymidine,1,Thymidine,242.2286,Pyrimidine 2'-deoxyribonucleosides,Organic compounds,"Nucleosides, nucleotides, and analogues",Pyrimidine nucleosides,Pyrimidine 2'-deoxyribonucleosides,Aromatic heteromonocyclic compounds
L-Asparagine,L-Asparagine,1,L-Asparagine,132.1179,Asparagine and derivatives,Organic compounds,Organic acids and derivatives,Carboxylic acids and derivatives,"Amino acids, peptides, and analogues",Aliphatic acyclic compounds
D-AsparticAcid,D-Aspartic acid,1,D-Aspartic acid,133.1027,Aspartic acid and derivatives,Organic compounds,Organic acids and derivatives,Carboxylic acids and derivatives,"Amino acids, peptides, and analogues",Aliphatic acyclic compounds
D-GlucosaminicAcid,D-Glucosaminide,1,Glucosamine,179.17,Hexoses,Organic compounds,Organic oxygen compounds,Organooxygen compounds,Carbohydrates and carbohydrate conjugates,Aliphatic heteromonocyclic compounds
"1,2-Propanediol",2-Propanedithiol,1,Propylene glycol,76.09,"1,2-diols",Organic compounds,Organic oxygen compounds,Organooxygen compounds,Alcohols and polyols,Aliphatic acyclic compounds
Tween40,Tejedine,0,Tejedine,NA,NA,NA,NA,NA,NA,NA
Keto-GlutaricAcid,2-Keto-glutaramic acid,1,2-Keto-glutaramic acid,145.1134,Short-chain keto acids and derivatives,Organic compounds,Organic acids and derivatives,Keto acids and derivatives,Short-chain keto acids and derivatives,Aliphatic acyclic compounds
Keto-ButyricAcid,2-Ketobutyric acid,1,2-Ketobutyric acid,102.0886,Short-chain keto acids and derivatives,Organic compounds,Organic acids and derivatives,Keto acids and derivatives,Short-chain keto acids and derivatives,Aliphatic acyclic compounds
Methyl-DGalactoside,beta-D-Galactose,1,Methyl alpha-D-galactopyranoside,194.18,O-glycosyl compounds,Organic compounds,Organic oxygen compounds,Organooxygen compounds,Carbohydrates and carbohydrate conjugates,Aliphatic heteromonocyclic compounds
D-Lactose,D-Galactose,1,Alpha-Lactose,180.1559,Hexoses,Organic compounds,Organic oxygen compounds,Organooxygen compounds,Carbohydrates and carbohydrate conjugates,Aliphatic heteromonocyclic compounds
Lactulose,Lactulose,1,Lactulose,342.2965,O-glycosyl compounds,Organic compounds,Organic oxygen compounds,Organooxygen compounds,Carbohydrates and carbohydrate conjugates,Aliphatic heteromonocyclic compounds
Sucrose,Sucrose,1,Sucrose,342.2965,O-glycosyl compounds,Organic compounds,Organic oxygen compounds,Organooxygen compounds,Carbohydrates and carbohydrate conjugates,Aliphatic heteromonocyclic compounds
Uridine,Uridine,1,Uridine,244.2014,Pyrimidine nucleosides,Organic compounds,"Nucleosides, nucleotides, and analogues",Pyrimidine nucleosides,NA,Aromatic heteromonocyclic compounds
L-Glutamine,L-Glutamine,1,L-Glutamine,146.1445,L-alpha-amino acids,Organic compounds,Organic acids and derivatives,Carboxylic acids and derivatives,"Amino acids, peptides, and analogues",Aliphatic acyclic compounds
m-TartaricAcid,D-Tartaric acid,1,D-Tartaric acid,150.0868,Sugar acids and derivatives,Organic compounds,Organic oxygen compounds,Organooxygen compounds,Carbohydrates and carbohydrate conjugates,Aliphatic acyclic compounds
D-Glucose-1Phosphate,D-Glucose,1,Glucose 1-phosphate,180.1559,Hexoses,Organic compounds,Organic oxygen compounds,Organooxygen compounds,Carbohydrates and carbohydrate conjugates,Aliphatic heteromonocyclic compounds
D-Fructose-6Phosphate,D-Fructose,1,Fructose 6-phosphate,180.1559,C-glycosyl compounds,Organic compounds,Organic oxygen compounds,Organooxygen compounds,Carbohydrates and carbohydrate conjugates,Aliphatic heteromonocyclic compounds
Tween80,Tejedine,1,Polysorbate 80,668.7322,Benzylisoquinolines,Organic compounds,Organoheterocyclic compounds,Isoquinolines and derivatives,Benzylisoquinolines,Aromatic heteropolycyclic compounds
HydroxyGlutaricAcid-Lactone,3-Hydroxyglutaric acid,1,2-Hydroxyglutaric acid lactone,130.10,Gamma butyrolactones,Organic compounds,Organoheterocyclic compounds,Lactones,Gamma butyrolactones,Aliphatic heteromonocyclic compounds
HydroxyButyricAcid,2-Hydroxybutyric acid,1,2-Hydroxybutyric acid,104.105,Alpha hydroxy acids and derivatives,Organic compounds,Organic acids and derivatives,Hydroxy acids and derivatives,Alpha hydroxy acids and derivatives,Aliphatic acyclic compounds
Methyl-DGlucoside,Menthoside,1,Methyl beta-D-glucopyranoside,194.18,O-glycosyl compounds,Organic compounds,Organic oxygen compounds,Organooxygen compounds,Carbohydrates and carbohydrate conjugates,Aliphatic heteromonocyclic compounds
Adonitol,Dambonitol,1,Ribitol,152.15,Sugar alcohols,Organic compounds,Organic oxygen compounds,Organooxygen compounds,Carbohydrates and carbohydrate conjugates,Aliphatic acyclic compounds
2-DeoxyAdenosine,Deoxyadenosine,1,Deoxyadenosine,251.2419,Purine 2'-deoxyribonucleosides,Organic compounds,"Nucleosides, nucleotides, and analogues",Purine nucleosides,Purine 2'-deoxyribonucleosides,Aromatic heteropolycyclic compounds
Adenosine,Adenosine,1,Adenosine,267.2413,Purine nucleosides,Organic compounds,"Nucleosides, nucleotides, and analogues",Purine nucleosides,NA,Aromatic heteropolycyclic compounds
Glycyl-L-AsparticAcid,Glycyl-Aspartate,1,Glycyl-Aspartate,190.154,Dipeptides,Organic compounds,Organic acids and derivatives,Carboxylic acids and derivatives,"Amino acids, peptides, and analogues",Aliphatic acyclic compounds
CitricAcid,Citric acid,1,Citric acid,192.1235,Tricarboxylic acids and derivatives,Organic compounds,Organic acids and derivatives,Carboxylic acids and derivatives,Tricarboxylic acids and derivatives,Aliphatic acyclic compounds
m-Inositol,Inositol 1,0,Inositol 1,NA,NA,NA,NA,NA,NA,NA
D-Threonine,L-Threonine,3,L-Threonine,119.1192,L-alpha-amino acids,Organic compounds,Organic acids and derivatives,Carboxylic acids and derivatives,"Amino acids, peptides, and analogues",Aliphatic acyclic compounds
FumaricAcid,Fumaric acid,1,Fumaric acid,116.0722,Dicarboxylic acids and derivatives,Organic compounds,Organic acids and derivatives,Carboxylic acids and derivatives,Dicarboxylic acids and derivatives,Aliphatic acyclic compounds
BromoSuccinicAcid,Succinic acid,0,Succinic acid,NA,NA,NA,NA,NA,NA,NA
PropionicAcid,Propionic acid,1,Propionic acid,74.0785,Carboxylic acids,Organic compounds,Organic acids and derivatives,Carboxylic acids and derivatives,Carboxylic acids,Aliphatic acyclic compounds
MucicAcid,Murocholic acid,1,Galactaric acid,210.14,Glucuronic acid derivatives,Organic compounds,Organic oxygen compounds,Organooxygen compounds,Carbohydrates and carbohydrate conjugates,Aliphatic acyclic compounds
GlycolicAcid,Glycolic acid,1,Glycolic acid,76.0514,Alpha hydroxy acids and derivatives,Organic compounds,Organic acids and derivatives,Hydroxy acids and derivatives,Alpha hydroxy acids and derivatives,Aliphatic acyclic compounds
GlyoxylicAcid,Glyoxylic acid,1,Glyoxylic acid,74.0355,Carboxylic acids,Organic compounds,Organic acids and derivatives,Carboxylic acids and derivatives,Carboxylic acids,Aliphatic acyclic compounds
D-Cellobiose,Cellobiose,1,Cellobiose,342.2965,O-glycosyl compounds,Organic compounds,Organic oxygen compounds,Organooxygen compounds,Carbohydrates and carbohydrate conjugates,Aliphatic heteromonocyclic compounds
Inosine,Inosine,1,Inosine,268.2261,Purine nucleosides,Organic compounds,"Nucleosides, nucleotides, and analogues",Purine nucleosides,NA,Aromatic heteropolycyclic compounds
Glycyl-LGlutamicAcid,Glycyl-Glutamine,1,Glycyl-Glutamate,203.1958,Dipeptides,Organic compounds,Organic acids and derivatives,Carboxylic acids and derivatives,"Amino acids, peptides, and analogues",Aliphatic acyclic compounds
TricarballylicAcid,Taurallocholic acid,1,Taurallocholic acid,515.71,Taurinated bile acids and derivatives,Organic compounds,Lipids and lipid-like molecules,Steroids and steroid derivatives,"Bile acids, alcohols and derivatives",Aliphatic homopolycyclic compounds
L-Serine,L-Serine,1,L-Serine,105.0926,Serine and derivatives,Organic compounds,Organic acids and derivatives,Carboxylic acids and derivatives,"Amino acids, peptides, and analogues",Aliphatic acyclic compounds
L-Threonine,L-Threonine,1,L-Threonine,119.1192,L-alpha-amino acids,Organic compounds,Organic acids and derivatives,Carboxylic acids and derivatives,"Amino acids, peptides, and analogues",Aliphatic acyclic compounds
L-Alanine,L-Alanine,1,L-Alanine,89.0932,Alanine and derivatives,Organic compounds,Organic acids and derivatives,Carboxylic acids and derivatives,"Amino acids, peptides, and analogues",Aliphatic acyclic compounds
L-Alanyl-Glycine,Alanylglycine,1,Alanylglycine,146.146,Dipeptides,Organic compounds,Organic acids and derivatives,Carboxylic acids and derivatives,"Amino acids, peptides, and analogues",Aliphatic acyclic compounds
AcetoaceticAcid,Acetoacetic acid,1,Acetoacetic acid,102.0886,Short-chain keto acids and derivatives,Organic compounds,Organic acids and derivatives,Keto acids and derivatives,Short-chain keto acids and derivatives,Aliphatic acyclic compounds
N-Acetyl-?-DMannosamine,N-Acetylmannosamine,1,N-Acetylmannosamine,221.2078,Acylaminosugars,Organic compounds,Organic oxygen compounds,Organooxygen compounds,Carbohydrates and carbohydrate conjugates,Aliphatic heteromonocyclic compounds
MonoMethylSuccinate,Monomenthyl succinate,1,Monomenthyl succinate,256.338,Menthane monoterpenoids,Organic compounds,Lipids and lipid-like molecules,Prenol lipids,Monoterpenoids,Aliphatic homomonocyclic compounds
MethylPyruvate,Ethyl pyruvate,1,Methyl pyruvate,102.09,Alpha-keto acids and derivatives,Organic compounds,Organic acids and derivatives,Keto acids and derivatives,Alpha-keto acids and derivatives,Aliphatic acyclic compounds
D-MalicAcid,D-Malic acid,1,D-Malic acid,134.0874,Beta hydroxy acids and derivatives,Organic compounds,Organic acids and derivatives,Hydroxy acids and derivatives,Beta hydroxy acids and derivatives,Aliphatic acyclic compounds
L-MalicAcid,D-Malic acid,3,D-Malic acid,134.0874,Beta hydroxy acids and derivatives,Organic compounds,Organic acids and derivatives,Hydroxy acids and derivatives,Beta hydroxy acids and derivatives,Aliphatic acyclic compounds
Glycyl-L-Proline,Glycylproline,1,Glycylproline,172.1818,Dipeptides,Organic compounds,Organic acids and derivatives,Carboxylic acids and derivatives,"Amino acids, peptides, and analogues",Aliphatic heteromonocyclic compounds
p-HydroxyPhenylAceticAcid,p-Hydroxyphenylacetic acid,1,p-Hydroxyphenylacetic acid,152.1473,1-hydroxy-2-unsubstituted benzenoids,Organic compounds,Benzenoids,Phenols,1-hydroxy-2-unsubstituted benzenoids,Aromatic homomonocyclic compounds
m-HydroxyPhenylAceticAcid,p-Hydroxyphenylacetic acid,3,p-Hydroxyphenylacetic acid,152.1473,1-hydroxy-2-unsubstituted benzenoids,Organic compounds,Benzenoids,Phenols,1-hydroxy-2-unsubstituted benzenoids,Aromatic homomonocyclic compounds
Tyramine,Tyramine,1,Tyramine,137.179,Phenethylamines,Organic compounds,Benzenoids,Benzene and substituted derivatives,Phenethylamines,Aromatic homomonocyclic compounds
D-Psicose,D-Glucose,1,D-Psicose,180.1559,Hexoses,Organic compounds,Organic oxygen compounds,Organooxygen compounds,Carbohydrates and carbohydrate conjugates,Aliphatic heteromonocyclic compounds
L-Lyxose,L-Lysine,1,Pectin,146.1876,L-alpha-amino acids,Organic compounds,Organic acids and derivatives,Carboxylic acids and derivatives,"Amino acids, peptides, and analogues",Aliphatic acyclic compounds
Glucuronamide,Glyuranolide,0,Glyuranolide,NA,NA,NA,NA,NA,NA,NA
PyruvicAcid,Pyruvic acid,1,Pyruvic acid,88.0621,Alpha-keto acids and derivatives,Organic compounds,Organic acids and derivatives,Keto acids and derivatives,Alpha-keto acids and derivatives,Aliphatic acyclic compounds
L-GalactonicAcid--Lactone,Galactonolactone,1,"L-galactono-1,4-lactone",178.14,Lactones,Organic compounds,Organoheterocyclic compounds,Lactones,NA,Aliphatic heteromonocyclic compounds
D-GalacturonicAcid,Galacturonic acid,1,Galacturonic acid,194.1394,Glucuronic acid derivatives,Organic compounds,Organic oxygen compounds,Organooxygen compounds,Carbohydrates and carbohydrate conjugates,Aliphatic acyclic compounds
Phenylethyl-amine,Phenylethylamine,1,Phenylethylamine,121.1796,Phenethylamines,Organic compounds,Benzenoids,Benzene and substituted derivatives,Phenethylamines,Aromatic homomonocyclic compounds
ChondroitinSulfateC,Chondroitin sulfate,1,Chondroitin sulfate,NA,N-acyl-alpha-hexosamines,Organic compounds,Organic oxygen compounds,Organooxygen compounds,Carbohydrates and carbohydrate conjugates,Aliphatic heteromonocyclic compounds
a-Cyclodextrin,gamma-Cyclodextrin,3,gamma-Cyclodextrin,1297.1248,Oligosaccharides,Organic compounds,Organic oxygen compounds,Organooxygen compounds,Carbohydrates and carbohydrate conjugates,Aliphatic heteropolycyclic compounds
ß-Cyclodextrin,gamma-Cyclodextrin,3,gamma-Cyclodextrin,1297.1248,Oligosaccharides,Organic compounds,Organic oxygen compounds,Organooxygen compounds,Carbohydrates and carbohydrate conjugates,Aliphatic heteropolycyclic compounds
Y-Cyclodextrin,gamma-Cyclodextrin,1,gamma-Cyclodextrin,1297.1248,Oligosaccharides,Organic compounds,Organic oxygen compounds,Organooxygen compounds,Carbohydrates and carbohydrate conjugates,Aliphatic heteropolycyclic compounds
Dextrin,Dextrin,1,Dextrin,504.4371,Oligosaccharides,Organic compounds,Organic oxygen compounds,Organooxygen compounds,Carbohydrates and carbohydrate conjugates,Aliphatic heteromonocyclic compounds
Gelatin,Galectin-1,0,Galectin-1,NA,NA,NA,NA,NA,NA,NA
Glycogen,Glycogen,1,Glycogen,666.5777,Oligosaccharides,Organic compounds,Organic oxygen compounds,Organooxygen compounds,Carbohydrates and carbohydrate conjugates,Aliphatic heteromonocyclic compounds
Inulin,Inulin,1,Inulin,6179.373,Polysaccharides,Organic compounds,Organic Polymers,Polysaccharides,NA,Aliphatic heteromonocyclic compounds
Laminarin,Linamarin,1,Linamarin,247.2451,Cyanogenic glycosides,Organic compounds,Organic oxygen compounds,Organooxygen compounds,Carbohydrates and carbohydrate conjugates,Aliphatic heteromonocyclic compounds
Mannan,Mannan,1,Mannan,666.5777,Oligosaccharides,Organic compounds,Organic oxygen compounds,Organooxygen compounds,Carbohydrates and carbohydrate conjugates,Aliphatic heteromonocyclic compounds
Pectin,Pectin,1,Pectin,194.1394,Glucuronic acid derivatives,Organic compounds,Organic oxygen compounds,Organooxygen compounds,Carbohydrates and carbohydrate conjugates,Aliphatic heteromonocyclic compounds
N-Acetyl-D-Galactosamine,N-Acetyl-b-D-galactosamine,1,N-Acetyl-b-D-galactosamine,221.2078,N-acyl-alpha-hexosamines,Organic compounds,Organic oxygen compounds,Organooxygen compounds,Carbohydrates and carbohydrate conjugates,Aliphatic heteromonocyclic compounds
N-Acetyl-NeuraminicAcid,N-Acetylneuraminic acid,1,N-Acetylneuraminic acid,309.2699,N-acylneuraminic acids,Organic compounds,Organic oxygen compounds,Organooxygen compounds,Carbohydrates and carbohydrate conjugates,Aliphatic heteromonocyclic compounds
ß-D-Allose,Allose,1,Allose,180.1559,Hexoses,Organic compounds,Organic oxygen compounds,Organooxygen compounds,Carbohydrates and carbohydrate conjugates,Aliphatic heteromonocyclic compounds
Amygdalin,Amygdalin,1,Amygdalin,457.4285,Cyanogenic glycosides,Organic compounds,Organic oxygen compounds,Organooxygen compounds,Carbohydrates and carbohydrate conjugates,Aromatic heteromonocyclic compounds
D-Arabinose,D-Arabinose,1,D-Arabinose,150.13,Pentoses,Organic compounds,Organic oxygen compounds,Organooxygen compounds,Carbohydrates and carbohydrate conjugates,Aliphatic heteromonocyclic compounds
D-Arabitol,D-Arabitol,1,D-Arabitol,152.1458,Sugar alcohols,Organic compounds,Organic oxygen compounds,Organooxygen compounds,Carbohydrates and carbohydrate conjugates,Aliphatic acyclic compounds
L-Arabitol,L-Arabitol,1,L-Arabitol,152.1458,Sugar alcohols,Organic compounds,Organic oxygen compounds,Organooxygen compounds,Carbohydrates and carbohydrate conjugates,Aliphatic acyclic compounds
Arbutin,Arbutin,1,Arbutin,272.2512,Phenolic glycosides,Organic compounds,Organic oxygen compounds,Organooxygen compounds,Carbohydrates and carbohydrate conjugates,Aromatic heteromonocyclic compounds
2-Deoxy-D-Ribose,2-Deoxy-D-ribitol,1,2-Deoxy-D-ribose,134.13,Beta-hydroxy aldehydes,Organic compounds,Organic oxygen compounds,Organooxygen compounds,Carbonyl compounds,Aliphatic acyclic compounds
i-Erythritol,Erythritol,1,Erythritol,122.1198,Sugar alcohols,Organic compounds,Organic oxygen compounds,Organooxygen compounds,Carbohydrates and carbohydrate conjugates,Aliphatic acyclic compounds
D-Fucose,D-Fucose,1,D-Fucose,164.1565,Hexoses,Organic compounds,Organic oxygen compounds,Organooxygen compounds,Carbohydrates and carbohydrate conjugates,Aliphatic heteromonocyclic compounds
3-0-ß-D-Galactopyranosyl-D-Arabinose,2-O-b-D-Galactopyranosyl-D-xylose,1,3-O-beta-D-Galactopyranosyl-L-arabinose,312.27,O-glycosyl compounds,Organic compounds,Organic oxygen compounds,Organooxygen compounds,Carbohydrates and carbohydrate conjugates,Aliphatic heteromonocyclic compounds
Gentiobiose,Gentiotriose,1,beta-Gentiobiose,342.30,O-glycosyl compounds,Organic compounds,Organic oxygen compounds,Organooxygen compounds,Carbohydrates and carbohydrate conjugates,Aliphatic heteromonocyclic compounds
L-Glucose,D-Glucose,3,D-Glucose,180.1559,Hexoses,Organic compounds,Organic oxygen compounds,Organooxygen compounds,Carbohydrates and carbohydrate conjugates,Aliphatic heteromonocyclic compounds
Lactitol,Lactitol,1,Lactitol,344.3124,Fatty acyl glycosides of mono- and disaccharides,Organic compounds,Lipids and lipid-like molecules,Fatty Acyls,Fatty acyl glycosides,Aliphatic heteromonocyclic compounds
D-Melezitose,Melezitose,1,Melezitose,504.4371,Oligosaccharides,Organic compounds,Organic oxygen compounds,Organooxygen compounds,Carbohydrates and carbohydrate conjugates,Aliphatic heteromonocyclic compounds
Maltitol,Maltitol,1,Maltitol,344.3124,Fatty acyl glycosides of mono- and disaccharides,Organic compounds,Lipids and lipid-like molecules,Fatty Acyls,Fatty acyl glycosides,Aliphatic heteromonocyclic compounds
a-Methyl-D-Glucoside,N-Acetyl-D-glucosamine,3,Methyl beta-D-glucopyranoside,221.2078,Acylaminosugars,Organic compounds,Organic oxygen compounds,Organooxygen compounds,Carbohydrates and carbohydrate conjugates,Aliphatic heteromonocyclic compounds
ß-Methyl-D-Galactoside,5-Methylcytosine,1,Methyl alpha-D-galactopyranoside,125.1286,Hydroxypyrimidines,Organic compounds,Organoheterocyclic compounds,Diazines,Pyrimidines and pyrimidine derivatives,Aromatic heteromonocyclic compounds
3-MethylGlucose,3-Methylcytosine,3,3-O-Methyl-d-glucose,194.18,Fatty alcohols,Organic compounds,Lipids and lipid-like molecules,Fatty Acyls,Fatty alcohols,Aliphatic acyclic compounds
ß-Methyl-D-GlucuronicAcid,4-O-Methylglucuronic acid,0,4-O-Methylglucuronic acid,NA,NA,NA,NA,NA,NA,NA
b-Methyl-D-Mannoside,1-Methylinosine,3,Methyl alpha-D-galactopyranoside,194.18,O-glycosyl compounds,Organic compounds,Organic oxygen compounds,Organooxygen compounds,Carbohydrates and carbohydrate conjugates,Aliphatic heteromonocyclic compounds
ß-Methyl-D-Xyloside,5-Methylcytosine,0,5-Methylcytosine,NA,NA,NA,NA,NA,NA,NA
D-Raffinose,Raffinose,1,Raffinose,504.4371,Oligosaccharides,Organic compounds,Organic oxygen compounds,Organooxygen compounds,Carbohydrates and carbohydrate conjugates,Aliphatic heteromonocyclic compounds
Salicin,Salicin,1,Salicin,286.2778,Phenolic glycosides,Organic compounds,Organic oxygen compounds,Organooxygen compounds,Carbohydrates and carbohydrate conjugates,Aromatic heteromonocyclic compounds
Sedoheptulosan,Sedoheptulose,0,Sedoheptulose,NA,NA,NA,NA,NA,NA,NA
L-Sorbose,L-Sorbose,1,L-Sorbose,180.1559,Monosaccharides,Organic compounds,Organic oxygen compounds,Organooxygen compounds,Carbohydrates and carbohydrate conjugates,Aliphatic heteromonocyclic compounds
Stachyose,Stachyose,1,Stachyose,666.5777,Oligosaccharides,Organic compounds,Organic oxygen compounds,Organooxygen compounds,Carbohydrates and carbohydrate conjugates,Aliphatic heteromonocyclic compounds
D-Tagatose,D-Tagatose,1,D-Tagatose,180.156,Monosaccharides,Organic compounds,Organic oxygen compounds,Organooxygen compounds,Carbohydrates and carbohydrate conjugates,Aliphatic heteromonocyclic compounds
Turanose,Turanose,1,Turanose,342.2965,Fatty acyl glycosides of mono- and disaccharides,Organic compounds,Lipids and lipid-like molecules,Fatty Acyls,Fatty acyl glycosides,Aliphatic heteromonocyclic compounds
Xylitol,D-Xylitol,1,D-Xylitol,152.1458,Sugar alcohols,Organic compounds,Organic oxygen compounds,Organooxygen compounds,Carbohydrates and carbohydrate conjugates,Aliphatic acyclic compounds
N-Acetyl-D-Glucosaminitol,N-Acetyl-D-glucosamine,1,N-Acetyl-D-glucosamine,221.2078,Acylaminosugars,Organic compounds,Organic oxygen compounds,Organooxygen compounds,Carbohydrates and carbohydrate conjugates,Aliphatic heteromonocyclic compounds
?-AminoButyricAcid,L-alpha-Aminobutyric acid,1,L-alpha-Aminobutyric acid,103.1198,L-alpha-amino acids,Organic compounds,Organic acids and derivatives,Carboxylic acids and derivatives,"Amino acids, peptides, and analogues",Aliphatic acyclic compounds
ButyricAcid,Butyric acid,1,Butyric acid,88.1051,Straight chain fatty acids,Organic compounds,Lipids and lipid-like molecules,Fatty Acyls,Fatty acids and conjugates,Aliphatic acyclic compounds
CapricAcid,Capric acid,1,Capric acid,172.2646,Medium-chain fatty acids,Organic compounds,Lipids and lipid-like molecules,Fatty Acyls,Fatty acids and conjugates,Aliphatic acyclic compounds
CaproicAcid,Caproic acid,1,Caproic acid,116.1583,Medium-chain fatty acids,Organic compounds,Lipids and lipid-like molecules,Fatty Acyls,Fatty acids and conjugates,Aliphatic acyclic compounds
CitraconicAcid,Citraconic acid,1,Citraconic acid,130.0987,Methyl-branched fatty acids,Organic compounds,Lipids and lipid-like molecules,Fatty Acyls,Fatty acids and conjugates,Aliphatic acyclic compounds
CitramalicAcid,Citramalic acid,1,Citramalic acid,148.114,Hydroxy fatty acids,Organic compounds,Lipids and lipid-like molecules,Fatty Acyls,Fatty acids and conjugates,Aliphatic acyclic compounds
D-Glucosamine,D-Glucosaminide,1,beta-D-Glucosamine,179.17,Hexoses,Organic compounds,Organic oxygen compounds,Organooxygen compounds,Carbohydrates and carbohydrate conjugates,Aliphatic heteromonocyclic compounds
2-HydroxyBenzoicAcid,4-Hydroxybenzoic acid,3,4-Hydroxybenzoic acid,138.122,Hydroxybenzoic acid derivatives,Organic compounds,Benzenoids,Benzene and substituted derivatives,Benzoic acids and derivatives,Aromatic homomonocyclic compounds
4-HydroxyBenzoicAcid,4-Hydroxybenzoic acid,1,4-Hydroxybenzoic acid,138.122,Hydroxybenzoic acid derivatives,Organic compounds,Benzenoids,Benzene and substituted derivatives,Benzoic acids and derivatives,Aromatic homomonocyclic compounds
ß-HydroxyButyricAcid,2-Hydroxybutyric acid,3,2-Hydroxybutyric acid,104.105,Alpha hydroxy acids and derivatives,Organic compounds,Organic acids and derivatives,Hydroxy acids and derivatives,Alpha hydroxy acids and derivatives,Aliphatic acyclic compounds
a-Keto-ValericAcid,2-Keto-glutaramic acid,1,2-Oxovaleric acid,145.1134,Short-chain keto acids and derivatives,Organic compounds,Organic acids and derivatives,Keto acids and derivatives,Short-chain keto acids and derivatives,Aliphatic acyclic compounds
ItaconicAcid,Itaconic acid,1,Itaconic acid,130.0987,Branched fatty acids,Organic compounds,Lipids and lipid-like molecules,Fatty Acyls,Fatty acids and conjugates,Aliphatic acyclic compounds
5-Keto-D-GluconicAcid,5-Keto-D-gluconate,1,5-Keto-D-gluconate,194.1394,Medium-chain hydroxy acids and derivatives,Organic compounds,Organic acids and derivatives,Hydroxy acids and derivatives,Medium-chain hydroxy acids and derivatives,Aliphatic acyclic compounds
D-LacticAcidMethylEster,D-Lactic Acidosis,1,Methyl lactate,104.11,Methyl esters,Organic compounds,Organic oxygen compounds,Carboxylic acids and derivatives,Carboxylic acid derivatives,Aliphatic acyclic compounds
MalonicAcid,Malonic acid,1,Malonic acid,104.0615,Dicarboxylic acids and derivatives,Organic compounds,Organic acids and derivatives,Carboxylic acids and derivatives,Dicarboxylic acids and derivatives,Aliphatic acyclic compounds
MelibionicAcid,Nalidixic Acid,0,Nalidixic Acid,NA,NA,NA,NA,NA,NA,NA
OxalicAcid,Oxalic acid,1,Oxalic acid,90.0349,Dicarboxylic acids and derivatives,Organic compounds,Organic acids and derivatives,Carboxylic acids and derivatives,Dicarboxylic acids and derivatives,Aliphatic acyclic compounds
OxalomalicAcid,Oxalic acid,1,3-Oxalomalic acid,90.0349,Dicarboxylic acids and derivatives,Organic compounds,Organic acids and derivatives,Carboxylic acids and derivatives,Dicarboxylic acids and derivatives,Aliphatic acyclic compounds
QuinicAcid,Quinic acid,1,Quinic acid,192.1666,Quinic acids and derivatives,Organic compounds,Organic oxygen compounds,Organooxygen compounds,Alcohols and polyols,Aliphatic homomonocyclic compounds
"D-Ribone-1,4-Lactone",D-Ribose,1,Ribonolactone,150.1299,Pentoses,Organic compounds,Organic oxygen compounds,Organooxygen compounds,Carbohydrates and carbohydrate conjugates,Aliphatic heteromonocyclic compounds
SorbicAcid,Suberic acid,1,Propenylacrylic Acid,112.13,Methyl-branched fatty acids,Organic compounds,Lipids and lipid-like molecules,Fatty Acyls,Fatty acids and conjugates,Aliphatic acyclic compounds
SuccinamicAcid,Succinic acid,1,Succinamic acid,118.088,Dicarboxylic acids and derivatives,Organic compounds,Organic acids and derivatives,Carboxylic acids and derivatives,Dicarboxylic acids and derivatives,Aliphatic acyclic compounds
D-TartaricAcid,D-Tartaric acid,1,D-Tartaric acid,150.0868,Sugar acids and derivatives,Organic compounds,Organic oxygen compounds,Organooxygen compounds,Carbohydrates and carbohydrate conjugates,Aliphatic acyclic compounds
L-TartaricAcid,D-Tartaric acid,3,D-Tartaric acid,150.0868,Sugar acids and derivatives,Organic compounds,Organic oxygen compounds,Organooxygen compounds,Carbohydrates and carbohydrate conjugates,Aliphatic acyclic compounds
Acetamide,Acetamide,1,Acetamide,59.0672,Carboximidic acids,Organic compounds,Organic acids and derivatives,Carboximidic acids and derivatives,Carboximidic acids,Aliphatic acyclic compounds
L-Alaninamide,L-Alanine,1,L-alaninamide,89.0932,Alanine and derivatives,Organic compounds,Organic acids and derivatives,Carboxylic acids and derivatives,"Amino acids, peptides, and analogues",Aliphatic acyclic compounds
N-Acetyl-L-GlutamicAcid,N-Acetyl-L-glutamic acid,1,N-Acetyl-L-glutamic acid,189.1659,Glutamic acid and derivatives,Organic compounds,Organic acids and derivatives,Carboxylic acids and derivatives,"Amino acids, peptides, and analogues",Aliphatic acyclic compounds
L-Arginine,L-Arginine,1,L-Arginine,174.201,L-alpha-amino acids,Organic compounds,Organic acids and derivatives,Carboxylic acids and derivatives,"Amino acids, peptides, and analogues",Aliphatic acyclic compounds
Glycine,Glycine,1,Glycine,75.0666,Alpha amino acids,Organic compounds,Organic acids and derivatives,Carboxylic acids and derivatives,"Amino acids, peptides, and analogues",Aliphatic acyclic compounds
L-Histidine,L-Histidine,1,L-Histidine,155.1546,Histidine and derivatives,Organic compounds,Organic acids and derivatives,Carboxylic acids and derivatives,"Amino acids, peptides, and analogues",Aromatic heteromonocyclic compounds
L-Homoserine,L-Homoserine,1,L-Homoserine,119.1192,L-alpha-amino acids,Organic compounds,Organic acids and derivatives,Carboxylic acids and derivatives,"Amino acids, peptides, and analogues",Aliphatic acyclic compounds
Hydroxy-Lproline,Hydroxyprolinemia,1,3-Hydroxy-L-proline,131.13,Proline and derivatives,Organic compounds,Organic acids and derivatives,Carboxylic acids and derivatives,"Amino acids, peptides, and analogues",Aliphatic heteromonocyclic compounds
L-Isoleucine,L-Isoleucine,1,L-Isoleucine,131.1729,Isoleucine and derivatives,Organic compounds,Organic acids and derivatives,Carboxylic acids and derivatives,"Amino acids, peptides, and analogues",Aliphatic acyclic compounds
L-Leucine,L-Leucine,1,L-Leucine,131.1729,Leucine and derivatives,Organic compounds,Organic acids and derivatives,Carboxylic acids and derivatives,"Amino acids, peptides, and analogues",Aliphatic acyclic compounds
L-Lysine,L-Lysine,1,L-Lysine,146.1876,L-alpha-amino acids,Organic compounds,Organic acids and derivatives,Carboxylic acids and derivatives,"Amino acids, peptides, and analogues",Aliphatic acyclic compounds
L-Ornithine,Ornithine,1,Ornithine,132.161,L-alpha-amino acids,Organic compounds,Organic acids and derivatives,Carboxylic acids and derivatives,"Amino acids, peptides, and analogues",Aliphatic acyclic compounds
L-Phenylalanine,L-Phenylalanine,1,L-Phenylalanine,165.1891,Phenylalanine and derivatives,Organic compounds,Organic acids and derivatives,Carboxylic acids and derivatives,"Amino acids, peptides, and analogues",Aromatic homomonocyclic compounds
L-PyroglutamicAcid,Pyroglutamic acid,1,Pyroglutamic acid,129.114,Alpha amino acids and derivatives,Organic compounds,Organic acids and derivatives,Carboxylic acids and derivatives,"Amino acids, peptides, and analogues",Aliphatic heteromonocyclic compounds
L-Valine,L-Valine,1,L-Valine,117.1463,Valine and derivatives,Organic compounds,Organic acids and derivatives,Carboxylic acids and derivatives,"Amino acids, peptides, and analogues",Aliphatic acyclic compounds
"D,L-Carnitine",L-Carnitine,1,L-Carnitine,162.2068,Carnitines,Organic compounds,Organic nitrogen compounds,Organonitrogen compounds,Quaternary ammonium salts,Aliphatic acyclic compounds
"D,L-Octopamine",p-Octopamine,1,p-Octopamine,153.1784,1-hydroxy-2-unsubstituted benzenoids,Organic compounds,Benzenoids,Phenols,1-hydroxy-2-unsubstituted benzenoids,Aromatic homomonocyclic compounds
Putrescine,Putrescine,1,Putrescine,88.1515,Monoalkylamines,Organic compounds,Organic nitrogen compounds,Organonitrogen compounds,Amines,Aliphatic acyclic compounds
DihydroxyAcetone,Dihydroxyacetone,1,Dihydroxyacetone,90.0779,Monosaccharides,Organic compounds,Organic oxygen compounds,Organooxygen compounds,Carbohydrates and carbohydrate conjugates,Aliphatic acyclic compounds
"2,3-Butanediol",3-Butanediol,1,3-Butanediol,90.12,"1,2-diols",Organic compounds,Organic oxygen compounds,Organooxygen compounds,Alcohols and polyols,Aliphatic acyclic compounds
3-Hydroxy-2-Butanone,1-Hydroxy-2-butanone,3,1-Hydroxy-2-butanone,88.1051,Alpha-hydroxy ketones,Organic compounds,Organic oxygen compounds,Organooxygen compounds,Carbonyl compounds,Aliphatic acyclic compounds
Ammonia,Ammonia,1,Ammonia,17.03,Homogeneous other non-metal compounds,Inorganic compounds,Homogeneous non-metal compounds,Homogeneous other non-metal compounds,NA,NA
Nitrite,Nitrite,1,Nitrite,47.01,Non-metal nitrites,Inorganic compounds,Homogeneous non-metal compounds,Non-metal oxoanionic compounds,Non-metal nitrites,NA
Nitrate,Nitrate,1,Nitrate,62.00,Non-metal nitrites,Inorganic compounds,Homogeneous non-metal compounds,Non-metal oxoanionic compounds,Non-metal nitrites,NA
Urea,Urea,1,Urea,60.0553,Ureas,Organic compounds,Organic acids and derivatives,Organic carbonic acids and derivatives,Ureas,Aliphatic acyclic compounds
Biuret,Bisacurone B,1,Biuret,103.08,Isoureas,Organic compounds,Organic acids and derivatives,Carboximidic acids and derivatives,Carboximidic acids,Aliphatic acyclic compounds
L-Tryptophan,L-Tryptophan,1,L-Tryptophan,204.2252,Indolyl carboxylic acids and derivatives,Organic compounds,Organoheterocyclic compounds,Indoles and derivatives,Indolyl carboxylic acids and derivatives,Aromatic heteropolycyclic compounds
L-Tyrosine,L-Tyrosine,1,L-Tyrosine,181.1885,Tyrosine and derivatives,Organic compounds,Organic acids and derivatives,Carboxylic acids and derivatives,"Amino acids, peptides, and analogues",Aromatic homomonocyclic compounds
D-Asparagine,D-Asparagine,1,D-Asparagine,132.1179,Asparagine and derivatives,Organic compounds,Organic acids and derivatives,Carboxylic acids and derivatives,"Amino acids, peptides, and analogues",Aliphatic acyclic compounds
D-GlutamicAcid,D-Glutamic acid,1,D-Glutamic acid,147.1293,Glutamic acid and derivatives,Organic compounds,Organic acids and derivatives,Carboxylic acids and derivatives,"Amino acids, peptides, and analogues",Aliphatic acyclic compounds
D-Lysine,D-Lysine,1,D-Lysine,146.19,D-alpha-amino acids,Organic compounds,Organic acids and derivatives,Carboxylic acids and derivatives,"Amino acids, peptides, and analogues",Aliphatic acyclic compounds
D-Valine,Valine,3,Valine,117.15,Valine and derivatives,Organic compounds,Organic acids and derivatives,Carboxylic acids and derivatives,"Amino acids, peptides, and analogues",Aliphatic acyclic compounds
L-Citrulline,Citrulline,1,Citrulline,175.1857,L-alpha-amino acids,Organic compounds,Organic acids and derivatives,Carboxylic acids and derivatives,"Amino acids, peptides, and analogues",Aliphatic acyclic compounds
N-Acetyl-LGlutamicAcid,N-Acetyl-L-glutamic acid,1,N-Acetyl-L-glutamic acid,189.1659,Glutamic acid and derivatives,Organic compounds,Organic acids and derivatives,Carboxylic acids and derivatives,"Amino acids, peptides, and analogues",Aliphatic acyclic compounds
N-Phthaloyl-LGlutamicAcid,Glutamylglutamic acid,0,Glutamylglutamic acid,NA,NA,NA,NA,NA,NA,NA
Hydroxylamine,Hydroxylamine,1,Hydroxylamine,33.03,Homogeneous other non-metal compounds,Inorganic compounds,Homogeneous non-metal compounds,Homogeneous other non-metal compounds,NA,NA
Methylamine,Methylamine,1,Methylamine,31.0571,Monoalkylamines,Organic compounds,Organic nitrogen compounds,Organonitrogen compounds,Amines,Aliphatic acyclic compounds
N-Amylamine,Alanine,1,Amylamine,87.16,Monoalkylamines,Organic compounds,Organic nitrogen compounds,Organonitrogen compounds,Amines,Aliphatic acyclic compounds
N-Butylamine,1-Butylamine,1,1-Butylamine,73.1368,Monoalkylamines,Organic compounds,Organic nitrogen compounds,Organonitrogen compounds,Amines,Aliphatic acyclic compounds
Ethylamine,Ethylamine,1,Ethylamine,45.0837,Monoalkylamines,Organic compounds,Organic nitrogen compounds,Organonitrogen compounds,Amines,Aliphatic acyclic compounds
Ethanolamine,Ethanolamine,1,Ethanolamine,61.0831,"1,2-aminoalcohols",Organic compounds,Organic nitrogen compounds,Organonitrogen compounds,Amines,Aliphatic acyclic compounds
Agmatine,Agmatine,1,Agmatine,130.1915,Guanidines,Organic compounds,Organic nitrogen compounds,Organonitrogen compounds,Guanidines,Aliphatic acyclic compounds
Histamine,Histamine,1,Histamine,111.1451,2-arylethylamines,Organic compounds,Organic nitrogen compounds,Organonitrogen compounds,Amines,Aromatic heteromonocyclic compounds
?-Phenylethyl-amine,Phenylethylamine,1,Phenylethylamine,121.1796,Phenethylamines,Organic compounds,Benzenoids,Benzene and substituted derivatives,Phenethylamines,Aromatic homomonocyclic compounds
Formamide,Formamide,1,Formamide,45.0406,Carboximidic acids,Organic compounds,Organic acids and derivatives,Carboximidic acids and derivatives,Carboximidic acids,Aliphatic acyclic compounds
"D,L-Lactamide",Lactosamine,1,Lactosamine,341.3117,Fatty acyl glycosides of mono- and disaccharides,Organic compounds,Lipids and lipid-like molecules,Fatty Acyls,Fatty acyl glycosides,Aliphatic heteromonocyclic compounds
D-Galactosamine,D-Galactose,1,beta-D-Galactosamine,180.1559,Hexoses,Organic compounds,Organic oxygen compounds,Organooxygen compounds,Carbohydrates and carbohydrate conjugates,Aliphatic heteromonocyclic compounds
D-Mannosamine,D-Mannose,0,D-Mannose,NA,NA,NA,NA,NA,NA,NA
N-Acetyl-DGalactosamine,N-Acetylgalactosamine,1,N-Acetylgalactosamine,221.2078,N-acyl-alpha-hexosamines,Organic compounds,Organic oxygen compounds,Organooxygen compounds,Carbohydrates and carbohydrate conjugates,Aliphatic heteromonocyclic compounds
N-Acetyl-DMannosamine,N-Acetylanonaine,1,Quercetin 3-sulfate,382.30,Flavonols,Organic compounds,Phenylpropanoids and polyketides,Flavonoids,Flavones,Aromatic heteropolycyclic compounds
Adenine,Adenine,1,Adenine,135.1267,6-aminopurines,Organic compounds,Organoheterocyclic compounds,Imidazopyrimidines,Purines and purine derivatives,Aromatic heteropolycyclic compounds
Cytidine,Cytidine,1,Cytidine,243.2166,Pyrimidine nucleosides,Organic compounds,"Nucleosides, nucleotides, and analogues",Pyrimidine nucleosides,NA,Aromatic heteromonocyclic compounds
Cytosine,Cytosine,1,Cytosine,111.102,Pyrimidones,Organic compounds,Organoheterocyclic compounds,Diazines,Pyrimidines and pyrimidine derivatives,Aromatic heteromonocyclic compounds
Guanine,Guanine,1,Guanine,151.1261,Purines and purine derivatives,Organic compounds,Organoheterocyclic compounds,Imidazopyrimidines,Purines and purine derivatives,Aromatic heteropolycyclic compounds
Guanosine,Guanosine,1,Guanosine,283.2407,Purine nucleosides,Organic compounds,"Nucleosides, nucleotides, and analogues",Purine nucleosides,NA,Aromatic heteropolycyclic compounds
Thymine,Thymine,1,Thymine,126.1133,Hydroxypyrimidines,Organic compounds,Organoheterocyclic compounds,Diazines,Pyrimidines and pyrimidine derivatives,Aromatic heteromonocyclic compounds
Uracil,Uracil,1,Uracil,112.0868,Pyrimidones,Organic compounds,Organoheterocyclic compounds,Diazines,Pyrimidines and pyrimidine derivatives,Aromatic heteromonocyclic compounds
Xanthine,Xanthine,1,Xanthine,152.1109,Xanthines,Organic compounds,Organoheterocyclic compounds,Imidazopyrimidines,Purines and purine derivatives,Aromatic heteropolycyclic compounds
Xanthosine,Xanthosine,1,Xanthosine,284.2255,Purine nucleosides,Organic compounds,"Nucleosides, nucleotides, and analogues",Purine nucleosides,NA,Aromatic heteropolycyclic compounds
UricAcid,Uric acid,1,Uric acid,168.1103,Xanthines,Organic compounds,Organoheterocyclic compounds,Imidazopyrimidines,Purines and purine derivatives,Aromatic heteropolycyclic compounds
Alloxan,Alloxan,1,Alloxan,142.0697,Pyrimidones,Organic compounds,Organoheterocyclic compounds,Diazines,Pyrimidines and pyrimidine derivatives,Aliphatic heteromonocyclic compounds
Allantoin,Allantoin,1,Allantoin,158.1154,Imidazoles,Organic compounds,Organoheterocyclic compounds,Azoles,Imidazoles,Aliphatic heteromonocyclic compounds
ParabanicAcid,Varanic acid,1,Parabanic Acid,114.06,Imidazolinones,Organic compounds,Organoheterocyclic compounds,Azolines,Imidazolines,Aliphatic heteromonocyclic compounds
"D,L-?-Amino-NButyricAcid",L-alpha-Aminobutyric acid,1,L-alpha-Aminobutyric acid,103.1198,L-alpha-amino acids,Organic compounds,Organic acids and derivatives,Carboxylic acids and derivatives,"Amino acids, peptides, and analogues",Aliphatic acyclic compounds
?-Amino-NButyricAcid,gamma-Aminobutyric acid,1,gamma-Aminobutyric acid,103.1198,Gamma amino acids and derivatives,Organic compounds,Organic acids and derivatives,Carboxylic acids and derivatives,"Amino acids, peptides, and analogues",Aliphatic acyclic compounds
?-Amino-NCaproicAcid,Aminocaproic acid,1,Aminocaproic acid,131.1729,Medium-chain fatty acids,Organic compounds,Lipids and lipid-like molecules,Fatty Acyls,Fatty acids and conjugates,Aliphatic acyclic compounds
"D,L-?-Amino-CaprylicAcid",3-Aminocaproic acid,1,DL-2-Aminooctanoic acid,159.23,Alpha amino acids,Organic compounds,Organic acids and derivatives,Carboxylic acids and derivatives,"Amino acids, peptides, and analogues",Aliphatic acyclic compounds
?-Amino-NValericAcid,2-Aminoacrylic acid,1,5-Aminopentanoic acid,117.15,Delta amino acids and derivatives,Organic compounds,Organic acids and derivatives,Carboxylic acids and derivatives,"Amino acids, peptides, and analogues",Aliphatic acyclic compounds
Ala-Asp,Alpha-1,1,Alanylaspartic acid,204.18,Hybrid peptides,Organic compounds,Organic acids and derivatives,Peptidomimetics,Hybrid peptides,Aliphatic acyclic compounds
Ala-Gln,Alfalone,1,Alanylglutamine,217.23,Peptides,Organic compounds,Organic acids and derivatives,Carboxylic acids and derivatives,"Amino acids, peptides, and analogues",Aliphatic acyclic compounds
Ala-Glu,Aspartyl-Glutamine,1,Alanylglutamic acid,208.21,Peptides,Organic compounds,Organic acids and derivatives,Carboxylic acids and derivatives,"Amino acids, peptides, and analogues",Aliphatic acyclic compounds
Ala-Gly,Alpha-Linolenoyl-CoA,1,Alanylglycine,146.15,Dipeptides,Organic compounds,Organic acids and derivatives,Carboxylic acids and derivatives,"Amino acids, peptides, and analogues",Aliphatic acyclic compounds
Ala-His,Alpha-Trisaccharide,1,Alanylhistidine,226.24,Dipeptides,Organic compounds,Organic acids and derivatives,Carboxylic acids and derivatives,"Amino acids, peptides, and analogues",Aliphatic acyclic compounds
Ala-Leu,Aspartyl-Leucine,1,Alanylleucine,202.25,Peptides,Organic compounds,Organic acids and derivatives,Carboxylic acids and derivatives,"Amino acids, peptides, and analogues",Aliphatic acyclic compounds
Ala-Thr,Alachlor,1,Alanylthreonine,190.20,Dipeptides,Organic compounds,Organic acids and derivatives,Carboxylic acids and derivatives,"Amino acids, peptides, and analogues",Aliphatic acyclic compounds
Gly-Asn,Glycyl-Lysine,1,Glycyl-Asparagine,189.17,Dipeptides,Organic compounds,Organic acids and derivatives,Carboxylic acids and derivatives,"Amino acids, peptides, and analogues",Aliphatic acyclic compounds
Gly-Gln,Glycodelin,1,Glycyl-Glutamine,203.20,Dipeptides,Organic compounds,Organic acids and derivatives,Carboxylic acids and derivatives,"Amino acids, peptides, and analogues",Aliphatic acyclic compounds
Gly-Glu,Glycyl-Glutamine,1,Glycyl-Glutamate,203.1958,Dipeptides,Organic compounds,Organic acids and derivatives,Carboxylic acids and derivatives,"Amino acids, peptides, and analogues",Aliphatic acyclic compounds
Gly-Met,Glycyl-Methionine,1,Glycyl-Methionine,206.263,Dipeptides,Organic compounds,Organic acids and derivatives,Carboxylic acids and derivatives,"Amino acids, peptides, and analogues",Aliphatic acyclic compounds
Met-Ala,Metosulam,1,Methionyl-Alanine,220.29,Dipeptides,Organic compounds,Organic acids and derivatives,Carboxylic acids and derivatives,"Amino acids, peptides, and analogues",Aliphatic acyclic compounds
Phosphate,Phosphate,1,Phosphate,98.00,Non-metal phosphates,Inorganic compounds,Homogeneous non-metal compounds,Non-metal oxoanionic compounds,Non-metal phosphates,NA
Pyrophosphate,Pyrophosphate,1,Pyrophosphate,177.98,Non-metal pyrophosphates,Inorganic compounds,Homogeneous non-metal compounds,Non-metal oxoanionic compounds,Non-metal pyrophosphates,NA
TrimetaPhosphate,Trimethaphan,1,Trimetaphosphoric acid,239.94,Non-metal phosphates,Inorganic compounds,Homogeneous non-metal compounds,Non-metal oxoanionic compounds,Non-metal phosphates,NA
TripolyPhosphate,Triphosphate,1,Triphosphate,257.96,Non-metal phosphates,Inorganic compounds,Homogeneous non-metal compounds,Non-metal oxoanionic compounds,Non-metal phosphates,NA
TriethylPhosphate,Diethylphosphate,1,Triethyl Phosphate,154.1015,Dialkyl phosphates,Organic compounds,Organic acids and derivatives,Organic phosphoric acids and derivatives,Phosphate esters,Aliphatic acyclic compounds
Hypophosphite,Hypophosphatemia,0,Hypophosphatemia,NA,NA,NA,NA,NA,NA,NA
Adenosine-2’-monophosphate,Adenosine monophosphate,3,Adenosine monophosphate,347.2212,Purine ribonucleoside monophosphates,Organic compounds,"Nucleosides, nucleotides, and analogues",Purine nucleotides,Purine ribonucleotides,Aromatic heteropolycyclic compounds
Adenosine-3’-monophosphate,Adenosine monophosphate,3,Adenosine monophosphate,347.2212,Purine ribonucleoside monophosphates,Organic compounds,"Nucleosides, nucleotides, and analogues",Purine nucleotides,Purine ribonucleotides,Aromatic heteropolycyclic compounds
Adenosine-5’-monophosphate,Adenosine monophosphate,3,Adenosine monophosphate,347.2212,Purine ribonucleoside monophosphates,Organic compounds,"Nucleosides, nucleotides, and analogues",Purine nucleotides,Purine ribonucleotides,Aromatic heteropolycyclic compounds
"Adenosine-2’,3’-cyclicmonophosphate",Adenosine monophosphate,1,"Adenosine 2',3'-cyclic phosphate",347.2212,Purine ribonucleoside monophosphates,Organic compounds,"Nucleosides, nucleotides, and analogues",Purine nucleotides,Purine ribonucleotides,Aromatic heteropolycyclic compounds
"Adenosine-3’,5’-cyclicmonophosphate",Adenosine monophosphate,1,Cyclic AMP,347.2212,Purine ribonucleoside monophosphates,Organic compounds,"Nucleosides, nucleotides, and analogues",Purine nucleotides,Purine ribonucleotides,Aromatic heteropolycyclic compounds
"D,L-?-GlycerolPhosphate",Glycerol Phosphate Shuttle,3,Glycerol 3-phosphate,172.07,Glycerophosphates,Organic compounds,Lipids and lipid-like molecules,Glycerophospholipids,Glycerophosphates,Aliphatic acyclic compounds
ß-GlycerolPhosphate,Glycerol Phosphate Shuttle,3,Glycerol 3-phosphate,172.07,Glycerophosphates,Organic compounds,Lipids and lipid-like molecules,Glycerophospholipids,Glycerophosphates,Aliphatic acyclic compounds
CarbamylPhosphate,Carbamoyl phosphate,1,Carbamoyl phosphate,141.0199,Organic phosphoric acids and derivatives,Organic compounds,Organic acids and derivatives,Organic phosphoric acids and derivatives,NA,Aliphatic acyclic compounds
D-2-Phospho-GlycericAcid,2-Phosphoglyceric acid,1,2-Phosphoglyceric acid,186.0572,Sugar acids and derivatives,Organic compounds,Organic oxygen compounds,Organooxygen compounds,Carbohydrates and carbohydrate conjugates,Aliphatic acyclic compounds
D-3-Phospho-GlycericAcid,3-Phosphoglyceric acid,1,3-Phosphoglyceric acid,186.0572,Sugar acids and derivatives,Organic compounds,Organic oxygen compounds,Organooxygen compounds,Carbohydrates and carbohydrate conjugates,Aliphatic acyclic compounds
Guanosine-2’-monophosphate,Guanosine monophosphate,3,Guanosine monophosphate,363.2206,Purine ribonucleoside monophosphates,Organic compounds,"Nucleosides, nucleotides, and analogues",Purine nucleotides,Purine ribonucleotides,Aromatic heteropolycyclic compounds
Guanosine-3’-monophosphate,Guanosine monophosphate,3,Guanosine monophosphate,363.2206,Purine ribonucleoside monophosphates,Organic compounds,"Nucleosides, nucleotides, and analogues",Purine nucleotides,Purine ribonucleotides,Aromatic heteropolycyclic compounds
Guanosine-5’-monophosphate,Guanosine monophosphate,3,Guanosine monophosphate,363.2206,Purine ribonucleoside monophosphates,Organic compounds,"Nucleosides, nucleotides, and analogues",Purine nucleotides,Purine ribonucleotides,Aromatic heteropolycyclic compounds
"Guanosine-2’,3’-cyclicmonophosphate",Guanosine monophosphate,1,"Guanosine 2',3'-cyclic phosphate",363.2206,Purine ribonucleoside monophosphates,Organic compounds,"Nucleosides, nucleotides, and analogues",Purine nucleotides,Purine ribonucleotides,Aromatic heteropolycyclic compounds
"Guanosine-3’,5’-cyclicmonophosphate",Guanosine monophosphate,1,Cyclic GMP,363.2206,Purine ribonucleoside monophosphates,Organic compounds,"Nucleosides, nucleotides, and analogues",Purine nucleotides,Purine ribonucleotides,Aromatic heteropolycyclic compounds
PhosphoenolPyruvate,Phosphoenolpyruvic acid,1,Phosphoenolpyruvic acid,168.042,Phosphate esters,Organic compounds,Organic acids and derivatives,Organic phosphoric acids and derivatives,Phosphate esters,Aliphatic acyclic compounds
Phospho-GlycolicAcid,Phosphoglycolic acid,1,Phosphoglycolic acid,156.0313,Monoalkyl phosphates,Organic compounds,Organic acids and derivatives,Organic phosphoric acids and derivatives,Phosphate esters,Aliphatic acyclic compounds
D-Glucose-1-Phosphate,D-Glucose,1,Glucose 1-phosphate,180.1559,Hexoses,Organic compounds,Organic oxygen compounds,Organooxygen compounds,Carbohydrates and carbohydrate conjugates,Aliphatic heteromonocyclic compounds
D-Glucose-6-Phosphate,D-Glucose,1,Glucose 6-phosphate,180.1559,Hexoses,Organic compounds,Organic oxygen compounds,Organooxygen compounds,Carbohydrates and carbohydrate conjugates,Aliphatic heteromonocyclic compounds
2-Deoxy-D-Glucose-6-Phosphate,1-Deoxy-D-xylulose 5-phosphate,1,2-Deoxy-D-glucopyranose 6-phosphate,244.14,Hexose phosphates,Organic compounds,Organic oxygen compounds,Organooxygen compounds,Carbohydrates and carbohydrate conjugates,Aliphatic heteromonocyclic compounds
D-Glucosamine-6-Phosphate,Glucosamine 6-phosphate,1,Glucosamine 6-phosphate,259.151,Hexose phosphates,Organic compounds,Organic oxygen compounds,Organooxygen compounds,Carbohydrates and carbohydrate conjugates,Aliphatic heteromonocyclic compounds
6-Phospho-GluconicAcid,6-Phosphogluconic acid,1,6-Phosphogluconic acid,276.1352,Monosaccharide phosphates,Organic compounds,Organic oxygen compounds,Organooxygen compounds,Carbohydrates and carbohydrate conjugates,Aliphatic acyclic compounds
Cytidine-2-monophosphate,Cytidine monophosphate,3,Cytidine monophosphate,323.1965,Pyrimidine ribonucleoside monophosphates,Organic compounds,"Nucleosides, nucleotides, and analogues",Pyrimidine nucleotides,Pyrimidine ribonucleotides,Aromatic heteromonocyclic compounds
Cytidine-3-monophosphate,Cytidine monophosphate,3,Cytidine monophosphate,323.1965,Pyrimidine ribonucleoside monophosphates,Organic compounds,"Nucleosides, nucleotides, and analogues",Pyrimidine nucleotides,Pyrimidine ribonucleotides,Aromatic heteromonocyclic compounds
"Cytidine-2’,3’-cyclicmonophosphate",Cytidine monophosphate,1,"Cytidine 2',3'-cyclic phosphate",323.1965,Pyrimidine ribonucleoside monophosphates,Organic compounds,"Nucleosides, nucleotides, and analogues",Pyrimidine nucleotides,Pyrimidine ribonucleotides,Aromatic heteromonocyclic compounds
"Cytidine-3’,5’-cyclicmonophosphate",Cytidine monophosphate,3,"Cytidine 2',3'-cyclic phosphate",323.1965,Pyrimidine ribonucleoside monophosphates,Organic compounds,"Nucleosides, nucleotides, and analogues",Pyrimidine nucleotides,Pyrimidine ribonucleotides,Aromatic heteromonocyclic compounds
D-Mannose-1-Phosphate,D-Mannose 1-phosphate,1,D-Mannose 1-phosphate,260.1358,Monosaccharide phosphates,Organic compounds,Organic oxygen compounds,Organooxygen compounds,Carbohydrates and carbohydrate conjugates,Aliphatic heteromonocyclic compounds
D-Mannose-6-Phosphate,D-Mannose 1-phosphate,1,Mannose 6-phosphate,260.1358,Monosaccharide phosphates,Organic compounds,Organic oxygen compounds,Organooxygen compounds,Carbohydrates and carbohydrate conjugates,Aliphatic heteromonocyclic compounds
Cysteamine-S-Phosphate,Cysteamine,1,Phosphocysteamine,77.149,Alkylthiols,Organic compounds,Organosulfur compounds,Thiols,Alkylthiols,Aliphatic acyclic compounds
Phospho-L-Arginine,L-Phosphoarginine,1,L-Phosphoarginine,254.1809,Alpha amino acids,Organic compounds,Organic acids and derivatives,Carboxylic acids and derivatives,"Amino acids, peptides, and analogues",Aliphatic acyclic compounds
O-Phospho-D-Serine,Phosphoserine,3,Phosphoserine,185.0725,L-alpha-amino acids,Organic compounds,Organic acids and derivatives,Carboxylic acids and derivatives,"Amino acids, peptides, and analogues",Aliphatic acyclic compounds
O-Phospho-L-Serine,Phosphoserine,3,Phosphoserine,185.0725,L-alpha-amino acids,Organic compounds,Organic acids and derivatives,Carboxylic acids and derivatives,"Amino acids, peptides, and analogues",Aliphatic acyclic compounds
O-Phospho-L-Threonine,O-Phosphothreonine,1,O-Phosphothreonine,199.0991,L-alpha-amino acids,Organic compounds,Organic acids and derivatives,Carboxylic acids and derivatives,"Amino acids, peptides, and analogues",Aliphatic acyclic compounds
Uridine-2’-monophosphate,Uridine 5'-monophosphate,3,Uridine 5'-monophosphate,324.1813,Pyrimidine ribonucleoside monophosphates,Organic compounds,"Nucleosides, nucleotides, and analogues",Pyrimidine nucleotides,Pyrimidine ribonucleotides,Aromatic heteromonocyclic compounds
,,,,,,,,,,
,,,,,,,,,,
,,,,,,,,,,
,,,,,,,,,,
,,,,,,,,,,
,,,,,,,,,,
,,,,,,,,,,
,,,,,,,,,,
