"","metabolite","sumOfSqure","r2","F","p.value","qvalue"
"1","Uridine-5’-monophosphate",0.0964422517788138,0.126424505722208,1.01304529013499,0.395252094958101,0.928920131274794
"2","Uridine-2’,3’-cyclicmonophosphate",0.0820626806071061,0.0946928788705276,0.73218263352078,0.630987380252395,0.928920131274794
"3","Uridine-3’,5’-cyclicmonophosphate",0.0634510156005099,0.0873720892599009,0.670157703508457,0.635587288254235,0.928920131274794
"4","O-Phospho-DTyrosine",0.139360043522905,0.184321302831723,1.58181049021055,0.184036319273615,0.928920131274794
"5","O-Phospho-LTyrosine",0.272454829118181,0.2238930798266,2.01937583346897,0.132157356852863,0.928920131274794
"6","Phosphocreatin",0.105308754891167,0.125742024424734,1.00678998140562,0.46745065098698,0.928920131274794
"7","PhosphorylCholine",0.0801750986468871,0.106614236432494,0.835361033790489,0.572808543829123,0.928920131274794
"8","Thymidine-3’- monophosphate",0.0504592496787053,0.0611408024379059,0.455857085041802,0.857282854342913,0.955771653797693
"9","Thymidine-5’- monophosphate",0.110974889706007,0.148600429677357,1.22175655708554,0.295914081718366,0.928920131274794
"10","Inositol Hexaphosphate",0.0980099504530102,0.114100635973375,0.901574698262932,0.53534929301414,0.928920131274794
"11","Thymidine 3’,5’- cyclic monophosphate",0.149135973147871,0.18760549574575,1.61650339009341,0.152896942061159,0.928920131274794
"12","Sulfate",0.120696744364216,0.150953227596495,1.24453990936708,0.286794264114718,0.928920131274794
"13","Thiosulfate",0.114006705568029,0.153891820949317,1.27317377767682,0.285494290114198,0.928920131274794
"14","T etrathionate",0.140567996857487,0.147797200961809,1.21400728547279,0.325493490130197,0.928920131274794
"15","Thiophosphate",0.0508703162699818,0.0385437143789112,0.400888890689528,0.866862662746745,0.955771653797693
"16","Dithiophosphate",0.0619333557325239,0.0696482311203273,0.748622547406961,0.636487270254595,0.928920131274794
"17","L-Cysteine",0.160253731038542,0.0929012726188407,1.3314058410507,0.23707525849483,0.928920131274794
"18","D-Cysteine",0.0792440486260661,0.108686955077673,0.85358190354996,0.551428971420572,0.928920131274794
"19","L-Cysteinyl- Glycine",0.0763578818110286,0.0905416432188384,0.696888975516198,0.715645687086258,0.945902900123816
"20","L-Cysteic Acid",0.168736465880287,0.177906960435036,1.51485131622604,0.190636187276254,0.928920131274794
"21","Cysteamine",0.0785421376303034,0.0985147726152936,0.764963625979385,0.619587608247835,0.928920131274794
"22","L-Cysteine Sulfinic Acid",0.136574280805182,0.150778087886626,1.24283959251569,0.281414371712566,0.928920131274794
"23","N-Acetyl-L- Cysteine",0.0510558123087161,0.0674309540365412,0.506146628283311,0.836463270734585,0.955771653797693
"24","S-Methyl-L- Cysteine",0.119444035588884,0.131378101658585,1.05874225985565,0.346373072538549,0.928920131274794
"25","Cystathionine",0.0667912973566426,0.0867863139787722,0.665237728201638,0.703805923881522,0.945902900123816
"26","Lanthionine",0.0378190117819334,0.0510823805099897,0.376825823681201,0.928481430371393,0.961030779384412
"27","Glutathione",0.0859110799803276,0.0975049124758594,0.756274905831838,0.631667366652667,0.928920131274794
"28","D,L-Ethionine",0.129744563756871,0.151096118142421,1.24592765989306,0.295634087318254,0.928920131274794
"29","L-Methionine",0.246698172281845,0.0881829027805313,1.83751232340275,0.0723385532289354,0.928920131274794
"30","D-Methionine",0.0766796325719017,0.0818485038913373,0.624014151986476,0.830643387132257,0.955771653797693
"31","Glycyl-L- Methionine",0.0827574233577405,0.0981049670391416,0.761435360187636,0.667706645867083,0.928920131274794
"32","N-Acetyl-D,L- Methionine",0.047133398953555,0.0604609721630676,0.450462186883129,0.821423571528569,0.955771653797693
"33","L-Methionine Sulfoxide",0.12405945310362,0.150917310724971,1.24419115878667,0.31057378852423,0.928920131274794
"34","L-Methionine Sulfone",0.249769676144779,0.251183439565456,2.34808385639581,0.0466590668186636,0.928920131274794
"35","L-Djenkolic Acid",0.0601703031127322,0.0818082050702578,0.623679539126815,0.714545709085818,0.945902900123816
"36","Thiourea",0.0367341074607251,0.0510429833121351,0.376519565061049,0.938681226375472,0.961030779384412
"37","1-Thio-ß-DGlucose",0.148084995063316,0.132959953564152,1.07344485272046,0.356852862942741,0.928920131274794
"38","D,L-Lipoamide",0.140770423675918,0.148256149020554,1.21843326717356,0.309673806523869,0.928920131274794
"39","Taurocholic acid",0.0896777953802883,0.114983290895436,0.909455186538128,0.551188976220476,0.928920131274794
"40","Taurine",0.200905492002002,0.192261251287479,1.66616837579912,0.144877102457951,0.928920131274794
"41","Hypotaurine",0.0776815128802937,0.103712914025767,0.809997610744599,0.607887842243155,0.928920131274794
"42","p-Amino Benzene Sulfonic Acid",0.0451759936917222,0.051014030048105,0.376294509764815,0.929081418371633,0.961030779384412
"43","L-Galactonic Acid-?-Lactone",0.100360720044734,0.104590332036649,0.817650680410693,0.570248595028099,0.928920131274794
"44","D-Galacturonic Acid",0.0957858893117472,0.0987681156272123,0.767146415233245,0.618807623847523,0.928920131274794
"45","Phenylethyl- amine",0.0831901131389669,0.10305299754075,0.804251511859,0.617027659446811,0.928920131274794
"46","2-Aminoethanol",0.134462582485324,0.0898971141330959,1.28409930556044,0.23967520649587,0.928920131274794
"47","L-Arabinose",0.2155680658064,0.39334708377437,2.5935560400608,0.1,0.335714285714286
"48","N-Acetyl-DGlucosamine",0.289816479460499,0.201636278846906,2.52561925729389,0.00889982200355993,0.0486872615488867
"49","D-SaccharicAcid",0.230646795870855,0.288798978422236,1.62428888407134,0.1,0.335714285714286
"50","SuccinicAcid",0.140300050575238,0.228249137926186,1.18301980156055,0.4,0.578461538461538
"51","D-Galactose",0.177080292404274,0.349171707433423,2.14601431081888,0.2,0.522222222222222
"52","L-AsparticAcid",0.238785445757029,0.161293084552386,1.92311618733112,0.0511989760204796,0.178846153846154
"53","L-Proline",0.27019326201783,0.175509018643252,2.12869543284078,0.0555188896222076,0.178846153846154
"54","D-Alanine",0.334929602703948,0.229894480326498,2.98523350961002,0.0105997880042399,0.0547655713552396
"55","D-Trehalose",0.15654710731246,0.232604647651878,1.21243709355362,0.4,0.578461538461538
"56","D-Mannose",0.103385415935109,0.197927436924972,0.987079952797027,0.5,0.626666666666667
"57","Dulcitol",0.0850127159045175,0.219502762408508,1.12493806172006,0.4,0.578461538461538
"58","D-Serine",0.589276697303736,0.333019841922431,4.99294975853991,0.00853982920341593,0.0486872615488867
"59","D-Sorbitol",0.126016384701382,0.203732888038194,1.02343992350128,0.4,0.578461538461538
"60","Glycerol",0.124978643044946,0.233757843096163,1.22028181816939,0.4,0.578461538461538
"61","L-Fucose",0.179354980305689,0.351664346117201,2.16964372704866,0.2,0.522222222222222
"62","D-GlucuronicAcid",0.229437657161887,0.451995057489363,3.29920424015584,0.1,0.335714285714286
"63","D-GluconicAcid",0.259333283245775,0.364662914554448,2.29587047825937,0.2,0.522222222222222
"64","D,L-a-Glycerol-Phosphate",0.143848079499716,0.244680043270404,1.29576898420545,0.3,0.578461538461538
"65","D-Xylose",0.16090764167453,0.337736404528288,2.03989110582307,0.1,0.335714285714286
"66","L-LacticAcid",0.287565192309042,0.403394392645975,2.70459672301807,0.1,0.335714285714286
"67","FormicAcid",0.0470257618177741,0.097306867781197,0.431184704117637,1,1
"68","D-Mannitol",0.0944425727960692,0.204720776827997,1.02967999597153,0.4,0.578461538461538
"69","L-GlutamicAcid",0.42344938866257,0.258656520914671,3.4890240247854,0.00877982440351193,0.0486872615488867
"70","D-Glucose-6Phosphate",0.114542723399416,0.216798523893888,1.10724267258411,0.4,0.578461538461538
"71","D-GalactonicAcid-Y-Lactone",0.127413858513862,0.225789579818305,1.16655407332449,0.4,0.578461538461538
"72","D,L-MalicAcid",0.102460566711173,0.162866429617107,0.778210003178412,0.7,0.765116279069767
"73","D-Ribose",0.0846477707161867,0.178229162301207,0.867537051084959,0.6,0.671428571428571
"74","Tween20",0.28701381442764,0.348775219358999,2.14227240563972,0.1,0.335714285714286
"75","L-Rhamnose",0.119108334841612,0.194443128505632,0.965509129826802,0.6,0.671428571428571
"76","D-Fructose",0.081403921001528,0.219519253272199,1.12504634710103,0.5,0.626666666666667
"77","AceticAcid",0.242213423033557,0.438676884033017,3.1260204438744,0.1,0.335714285714286
"78","D-Glucose",0.210265684510776,0.337603470878965,2.03867898478844,0.2,0.522222222222222
"79","Maltose",0.241447547700784,0.392898650344096,2.58868573141394,0.2,0.522222222222222
"80","D-Melibiose",0.0698783810057295,0.204332358470888,1.0272246742532,0.4,0.578461538461538
"81","Thymidine",0.117897307411102,0.0970818031839419,1.07520042819249,0.360132797344053,0.458799317164342
"82","L-Asparagine",0.749811761970692,0.343681742470592,5.23651046619243,0.00241995160096798,0.0450110997780044
"83","D-AsparticAcid",0.383795164345325,0.240676674455795,3.16962045493997,0.00667986640267195,0.0486872615488867
"84","D-GlucosaminicAcid",0.11240824033617,0.201662698773135,1.010413510496,0.5,0.626666666666667
"85","1,2-Propanediol",0.0816528938201946,0.214459977970713,1.09203845485401,0.4,0.578461538461538
"86","Tween40",0.324158177820198,0.317759578121201,1.86303577408171,0.1,0.335714285714286
"87","Keto-GlutaricAcid",0.383686661473206,0.414450148213505,2.83118608568702,0.1,0.335714285714286
"88","Keto-ButyricAcid",0.121093043557752,0.191163549814148,0.94537554419177,0.4,0.578461538461538
"89","Methyl-DGalactoside",0.0443078474054251,0.13084131213629,0.602151547068497,0.5,0.626666666666667
"90","D-Lactose",0.0789192068719323,0.200470454102846,1.00294206827791,0.4,0.578461538461538
"91","Lactulose",0.0458668509552371,0.0957780437287056,0.423692625751588,1,1
"92","Sucrose",0.307773067656846,0.344227309680146,2.09967456566237,0.3,0.578461538461538
"93","Uridine",0.0838697533578349,0.0712972267821195,0.690936927878145,0.724905501889962,0.783909438090308
"94","L-Glutamine",0.562473183368173,0.313148366952122,4.55918501005141,0.00453990920181596,0.0486872615488867
"95","m-TartaricAcid",0.0411453830254207,0.093640098940171,0.413257907066168,0.9,0.919565217391304
"96","D-Glucose-1Phosphate",0.122333737643082,0.272745901138671,1.50014088096973,0.3,0.578461538461538
"97","D-Fructose-6Phosphate",0.127191591720034,0.2627746612208,1.42574948200201,0.3,0.578461538461538
"98","Tween80",0.30479571818684,0.351123452609861,2.16450080695394,0.1,0.335714285714286
"99","HydroxyGlutaricAcid-Lactone",0.136450811877854,0.213451422145055,1.08550916322129,0.5,0.626666666666667
"100","HydroxyButyricAcid",0.118032249855774,0.193683064202595,0.960828456423539,0.6,0.671428571428571
"101","Methyl-DGlucoside",0.0518302224205716,0.126359281731757,0.578541174144125,0.6,0.671428571428571
"102","Adonitol",0.0493913058234959,0.125116222651501,0.572035856148523,0.6,0.671428571428571
"103","2-DeoxyAdenosine",0.138248810544624,0.220443209911839,1.13112072251675,0.4,0.578461538461538
"104","Adenosine",0.338201505639942,0.212073827091391,2.69154439061881,0.00475990480190396,0.0486872615488867
"105","Glycyl-L-AsparticAcid",0.0816021366542015,0.214478143363288,1.09215620953742,0.4,0.578461538461538
"106","CitricAcid",0.182994643152125,0.255337605269007,1.37156170138682,0.4,0.578461538461538
"107","m-Inositol",0.131632138265678,0.233765376270145,1.22033314094959,0.5,0.626666666666667
"108","D-Threonine",0.287395122726517,0.366793112269025,2.31705067886034,0.1,0.335714285714286
"109","FumaricAcid",0.160911373645298,0.240298529271018,1.26522608434829,0.3,0.578461538461538
"110","BromoSuccinicAcid",0.0768823323948133,0.135260406992423,0.625670007878259,0.6,0.671428571428571
"111","PropionicAcid",0.213501871953469,0.440544452084959,3.1498084430605,0.1,0.335714285714286
"112","MucicAcid",0.141637270795322,0.249430316066268,1.32928532236476,0.5,0.626666666666667
"113","GlycolicAcid",0.124692043622275,0.155710308280572,1.84427584285036,0.127677446451071,0.273594528109438
"114","GlyoxylicAcid",0.0374795489092993,0.0658000570325461,0.281738647183105,0.9,0.919565217391304
"115","D-Cellobiose",0.169200441373867,0.308524984718908,1.7847354012841,0.3,0.578461538461538
"116","Inosine",0.186105375051187,0.145188488235819,1.69848541155202,0.0509989800203996,0.178846153846154
"117","Glycyl-LGlutamicAcid",0.133708152272547,0.223225732124364,1.14950116838887,0.5,0.626666666666667
"118","TricarballylicAcid",0.113215388137338,0.188204663322849,0.927350305278721,0.6,0.671428571428571
"119","L-Serine",0.687479082079204,0.328430461435729,4.89049074706203,0.0171396572068559,0.0796994060118798
"120","L-Threonine",0.309046803095968,0.18198920383907,2.22477752974872,0.0530789384212316,0.178846153846154
"121","L-Alanine",0.270826814200089,0.165686717677094,1.98590530904395,0.0443991120177596,0.178846153846154
"122","L-Alanyl-Glycine",0.21638919747333,0.27925837699037,1.5498390439795,0.2,0.522222222222222
"123","AcetoaceticAcid",0.183785174193742,0.248658479424424,1.32381066460395,0.3,0.578461538461538
"124","N-Acetyl-ß-DMannosamine",0.0382343598018608,0.0833536494930892,0.363733077416363,0.9,0.919565217391304
"125","MonoMethylSuccinate",0.0637509675551508,0.196923682150264,0.980846665619692,0.4,0.578461538461538
"126","MethylPyruvate",0.0564856447897399,0.129708602859677,0.596161714505668,0.9,0.919565217391304
"127","D-MalicAcid",0.126704944169244,0.222796747913399,1.14665885566096,0.4,0.578461538461538
"128","L-MalicAcid",0.19358051255525,0.285149293505763,1.59557396203293,0.4,0.578461538461538
"129","Glycyl-L-Proline",0.175118002158327,0.273753471695982,1.50777159560553,0.3,0.578461538461538
"130","p-HydroxyPhenylAceticAcid",0.195176019394257,0.242878918966598,1.28317081666827,0.4,0.578461538461538
"131","m-HydroxyPhenylAceticAcid",0.0314572850895737,0.0782060505615569,0.339364564539396,0.9,0.919565217391304
"132","Tyramine",0.635049323275552,0.332780963096589,4.98758195870786,0.00625987480250395,0.0486872615488867
"133","D-Psicose",0.0499717546962871,0.127873046939402,0.586488223947904,0.6,0.671428571428571
"134","L-Lyxose",0.0799062778129555,0.125812637874896,0.575678136407978,0.7,0.765116279069767
"135","Glucuronamide",0.104926476234128,0.0776657706543727,0.842056688164708,0.534629307413852,0.621506569868603
"136","PyruvicAcid",0.0982855946830554,0.236540885317697,1.23931134369194,0.5,0.626666666666667
"137","L-GalactonicAcid-Y-Lactone",0.191892247618103,0.330576270277335,1.97528862870929,0.2,0.522222222222222
"138","D-GalacturonicAcid",0.119142093397098,0.195722233350749,0.973406161237847,0.5,0.626666666666667
"139","Phenylethyl-amine",0.237220758318114,0.325272434575754,1.92831863551467,0.1,0.335714285714286
"140","ChondroitinSulfateC",0.0493426206668891,0.165783444721106,0.794918027804816,0.7,0.732558139534884
"141","a-Cyclodextrin",0.027064097637926,0.129755026142151,0.596406897092158,0.7,0.732558139534884
"142","ß-Cyclodextrin",0.0633352031839013,0.116095840835857,0.525377506745265,0.9,0.9
"143","Y-Cyclodextrin",0.162314291332081,0.373501646284757,2.38469355311041,0.1,0.219512195121951
"144","Dextrin",0.119608295676575,0.319182483192891,1.87528948837738,0.2,0.333333333333333
"145","Gelatin",0.305911737527309,0.59534879933001,5.88505654592675,0.1,0.219512195121951
"146","Glycogen",0.0563341682000786,0.196433455372072,0.977808031881299,0.6,0.675
"147","Inulin",0.0947312275231358,0.308353244208757,1.78329901283786,0.1,0.219512195121951
"148","Laminarin",0.155380881433562,0.307928667946992,1.77975103828405,0.3,0.45
"149","Mannan",0.0545869244572718,0.19849039810731,0.990582758527627,0.4,0.529411764705882
"150","Pectin",0.0606562143825451,0.252351027850911,1.3501043257,0.2,0.333333333333333
"151","N-Acetyl-D-Galactosamine",0.0858009088343923,0.299614978098194,1.71114440617036,0.3,0.45
"152","N-Acetyl-NeuraminicAcid",0.0400623274876876,0.232143122302994,1.20930412448345,0.3,0.45
"153","ß-D-Allose",0.0306017573951029,0.15123682471068,0.712739803581267,0.6,0.675
"154","Amygdalin",0.0351919460066389,0.146635538691769,0.687329015164154,0.6,0.675
"155","D-Arabinose",0.0551431254902477,0.22424086358169,1.15623962673266,0.6,0.675
"156","D-Arabitol",0.111777436774585,0.265644872090837,1.44695590454811,0.1,0.219512195121951
"157","L-Arabitol",0.0585539408684796,0.14709175387875,0.689836237591445,0.7,0.732558139534884
"158","Arbutin",0.0588276754496879,0.144378357799544,0.674963561829675,0.7,0.732558139534884
"159","2-Deoxy-D-Ribose",0.0969494115911032,0.224418566607592,1.15742103637515,0.5,0.616438356164384
"160","i-Erythritol",0.0362959584118457,0.165387290163682,0.792642087591103,0.7,0.732558139534884
"161","D-Fucose",0.0703381791186027,0.360468285916424,2.25457645322851,0.2,0.333333333333333
"162","3-0-ß-D-Galactopyranosyl-D-Arabinose",0.440651042855734,0.721319572280092,10.3533581914129,0.1,0.219512195121951
"163","Gentiobiose",0.243856373210786,0.601014144465841,6.02541805559707,0.1,0.219512195121951
"164","L-Glucose",0.0591312823948039,0.182367065980237,0.892170842892339,0.6,0.675
"165","Lactitol",0.0304955375507941,0.13041784695128,0.599910412117084,0.8,0.818181818181818
"166","D-Melezitose",0.167564008313796,0.271684199429281,1.49212305550084,0.4,0.529411764705882
"167","Maltitol",0.0497778785729793,0.232774320655837,1.21358983111627,0.4,0.529411764705882
"168","a-Methyl-D-Glucoside",0.0496750070582993,0.191222177886395,0.945734033045902,0.5,0.616438356164384
"169","ß-Methyl-D-Galactoside",0.0748203444307294,0.412804736814,2.81204405208725,0.2,0.333333333333333
"170","3-MethylGlucose",0.0581110214567368,0.275179769884598,1.51860976529745,0.3,0.45
"171","ß-Methyl-D-GlucuronicAcid",0.0742676126251885,0.236198856353778,1.23696518822276,0.4,0.529411764705882
"172","b-Methyl-D-Mannoside",0.0806564786848157,0.329183344262125,1.96288116251398,0.2,0.333333333333333
"173","ß-Methyl-D-Xyloside",0.123785584507315,0.3703368712654,2.35260318964299,0.1,0.219512195121951
"174","D-Raffinose",0.0545332829346941,0.232189340347133,1.2096176963842,0.3,0.45
"175","Salicin",0.0704479326131915,0.193754171299516,0.961265978203252,0.6,0.675
"176","Sedoheptulosan",0.0402940908190154,0.122498657656348,0.558397585258049,0.8,0.818181818181818
"177","L-Sorbose",0.0770527858915932,0.192160399296641,0.951477987111962,0.4,0.529411764705882
"178","Stachyose",0.124348175231614,0.486921063501191,3.79607135559985,0.1,0.219512195121951
"179","D-Tagatose",0.0642121638067524,0.173311250469547,0.838580423734983,0.7,0.732558139534884
"180","Turanose",0.191185874138288,0.439488247711165,3.13633564981663,0.1,0.219512195121951
"181","Xylitol",0.0814456134626935,0.334714396297368,2.01245536914986,0.2,0.333333333333333
"182","N-Acetyl-D-Glucosaminitol",0.106640325209198,0.282292487397703,1.57330100321315,0.2,0.333333333333333
"183","Y-AminoButyricAcid",0.281880433907495,0.536360365233289,4.62739011088359,0.1,0.219512195121951
"184","ButyricAcid",0.345304642958102,0.535412803428797,4.6097938762007,0.1,0.219512195121951
"185","CapricAcid",0.185562887671374,0.32108213465597,1.89172888825523,0.1,0.219512195121951
"186","CaproicAcid",0.343266820305513,0.6155957692695,6.40571273734066,0.1,0.219512195121951
"187","CitraconicAcid",0.0732675651015059,0.193158703776341,0.957604449253657,0.6,0.675
"188","CitramalicAcid",0.448531570124058,0.768002070395984,13.2415331758666,0.1,0.219512195121951
"189","D-Glucosamine",0.468347033974202,0.235015462223807,3.07215964007581,0.0144197116057679,0.0705806936492849
"190","2-HydroxyBenzoicAcid",0.40840369745735,0.680387253786584,8.5151454295539,0.1,0.219512195121951
"191","4-HydroxyBenzoicAcid",0.484106776991523,0.788125919120374,14.8791379454883,0.1,0.219512195121951
"192","ß-HydroxyButyricAcid",0.153510730302508,0.558426343774295,5.05851140258116,0.1,0.219512195121951
"193","a-Keto-ValericAcid",0.0797771061612243,0.23295466460517,1.2148156248692,0.5,0.616438356164384
"194","ItaconicAcid",0.953451783771267,0.900908186141355,36.3666039023767,0.1,0.219512195121951
"195","5-Keto-D-GluconicAcid",0.0550581361517163,0.273147985519054,1.50318348206883,0.2,0.333333333333333
"196","D-LacticAcidMethylEster",0.211380450446757,0.476187864328177,3.63632555948659,0.1,0.219512195121951
"197","MalonicAcid",0.180842533620385,0.374445628287948,2.39432826446817,0.2,0.333333333333333
"198","MelibionicAcid",0.0813302845510144,0.198981979748776,0.993645459743184,0.5,0.616438356164384
"199","OxalicAcid",0.0967402720703415,0.308086824209329,1.7810721633232,0.2,0.333333333333333
"200","OxalomalicAcid",0.146804684898322,0.245633036410139,1.30245913867292,0.4,0.529411764705882
"201","QuinicAcid",0.753887189057752,0.836528760475641,20.4691360488764,0.1,0.219512195121951
"202","D-Ribone-1,4-Lactone",0.0896137828308987,0.364739002827267,2.29662456502483,0.2,0.333333333333333
"203","SorbicAcid",0.14869413828433,0.289543066405627,1.63017941110524,0.1,0.219512195121951
"204","SuccinamicAcid",0.0896797175957189,0.181217523313562,0.885302401912352,0.4,0.529411764705882
"205","D-TartaricAcid",0.20769187705851,0.454914157561343,3.33829369352985,0.1,0.219512195121951
"206","L-TartaricAcid",0.298462706391503,0.456350013775967,3.3576751611498,0.1,0.219512195121951
"207","Acetamide",0.0647703059968528,0.052824034296967,0.557700324012749,0.846963060738785,0.875195162763411
"208","L-Alaninamide",0.0983461349129024,0.213723030757718,1.08726588272669,0.5,0.616438356164384
"209","N-Acetyl-L-GlutamicAcid",0.103138130149027,0.304376584415014,1.75023771538253,0.2,0.333333333333333
"210","L-Arginine",1.29580664500933,0.568571006120716,13.178785250576,0.00197996040079198,0.0450110997780044
"211","Glycine",0.257430023516812,0.169211394630112,2.03675632448973,0.0734385312293754,0.178846153846154
"212","L-Histidine",0.83619114312631,0.419583550174078,7.22900859029615,0.00229995400091998,0.0450110997780044
"213","L-Homoserine",0.466933802042834,0.286981846463316,4.02488835718754,0.00679986400271995,0.0486872615488867
"214","Hydroxy-Lproline",0.823385529293872,0.852672075913989,23.1503180732035,0.1,0.219512195121951
"215","L-Isoleucine",0.245972594511774,0.165617383695529,1.98490932647971,0.0814783704325913,0.178846153846154
"216","L-Leucine",0.3671772484571,0.240727444374337,3.1705010617165,0.00443991120177596,0.0486872615488867
"217","L-Lysine",0.13947499837189,0.0994654524903774,1.10451567644399,0.332653346933061,0.429677239788538
"218","L-Ornithine",1.28503590713049,0.557347178072217,12.5910679987294,0.00213995720085598,0.0450110997780044
"219","L-Phenylalanine",0.369985032385267,0.226872546226786,2.93447794564201,0.00715985680286394,0.0486872615488867
"220","L-PyroglutamicAcid",0.644527539194395,0.306583412591212,4.4213452368781,0.00831983360332793,0.0486872615488867
"221","L-Valine",0.519397448058569,0.280150494479143,3.89179255289528,0.00461990760184796,0.0486872615488867
"222","D,L-Carnitine",0.280984298370491,0.671029734048147,8.1591536196327,0.1,0.219512195121951
"223","D,L-Octopamine",0.316248548925726,0.572452113849928,5.35567717576312,0.1,0.219512195121951
"224","Putrescine",0.626924618023236,0.31830006110355,4.66921064447829,0.00225995480090398,0.0450110997780044
"225","DihydroxyAcetone",0.128321754165187,0.38420518557585,2.49567015880205,0.1,0.219512195121951
"226","2,3-Butanediol",0.0717653125844409,0.239575569992458,1.26022026930451,0.3,0.45
"227","3-Hydroxy-2-Butanone",0.121672859960599,0.31888238384535,1.87270084509426,0.1,0.219512195121951
"228","Ammonia",0.0996209827880941,0.182105920863676,0.890608823362437,0.5,0.588607594936709
"229","Nitrite",0.146150641024298,0.259225055576016,1.39975066666212,0.1,0.178846153846154
"230","Nitrate",0.10437238770139,0.146345134269753,0.685734435049764,1,1
"231","Urea",0.155618588372601,0.275767029633937,1.52308464771799,0.2,0.304918032786885
"232","Biuret",0.160480318066841,0.235840929332646,1.23451222859493,0.3,0.392957746478873
"233","L-Tryptophan",0.256489191057629,0.297499772821908,1.69394833659741,0.3,0.392957746478873
"234","L-Tyrosine",0.296446221808266,0.404445589524594,2.71643082419114,0.1,0.178846153846154
"235","D-Asparagine",0.287648507468718,0.442369079653812,3.17320337530193,0.1,0.178846153846154
"236","D-GlutamicAcid",0.53818476438462,0.52343354684427,4.39337299869258,0.1,0.178846153846154
"237","D-Lysine",0.267921664034647,0.399946377027682,2.66607090910695,0.1,0.178846153846154
"238","D-Valine",0.121691054212453,0.22805097456013,1.18168929317675,0.3,0.392957746478873
"239","L-Citrulline",0.83031975373647,0.694185850201861,9.07983951246307,0.1,0.178846153846154
"240","N-Acetyl-LGlutamicAcid",0.176488477252604,0.303148335257273,1.74010252451184,0.1,0.178846153846154
"241","N-Phthaloyl-LGlutamicAcid",0.165278363308533,0.260686302971275,1.41042322910539,0.2,0.304918032786885
"242","Hydroxylamine",0.831453128711674,0.671607577647632,8.18054902529985,0.1,0.178846153846154
"243","Methylamine",0.175870727374529,0.303176577006091,1.74033516671119,0.1,0.178846153846154
"244","N-Amylamine",0.257042556075235,0.35543666755048,2.20575170604087,0.1,0.178846153846154
"245","N-Butylamine",0.114755671954572,0.229393136652137,1.19071421531622,0.4,0.489473684210526
"246","Ethylamine",0.0540407582875744,0.0955746181689254,0.422697638031465,1,1
"247","Ethanolamine",0.192817900803544,0.264442495445556,1.43805205606999,0.2,0.304918032786885
"248","Agmatine",0.294979509312912,0.370417970935775,2.3534215008414,0.1,0.178846153846154
"249","Histamine",0.199785832152273,0.238533724402243,1.25302318459208,0.4,0.489473684210526
"250","ß-Phenylethyl-amine",0.36850853491514,0.402502746083824,2.69459143750503,0.1,0.178846153846154
"251","Formamide",0.16233078610103,0.296655569702782,1.68711406203883,0.1,0.178846153846154
"252","D,L-Lactamide",0.0926881977865822,0.208756877770182,1.05533620150469,0.6,0.680487804878049
"253","D-Galactosamine",0.183347071256714,0.282940018678284,1.57833389701518,0.2,0.304918032786885
"254","D-Mannosamine",0.340677552662107,0.410293423916034,2.78303441444148,0.1,0.178846153846154
"255","N-Acetyl-DGalactosamine",0.124454429802474,0.206708692348273,1.04228391439288,0.5,0.588607594936709
"256","N-Acetyl-DMannosamine",0.127299955383818,0.190419922179448,0.940833043678998,0.6,0.680487804878049
"257","Adenine",0.117819978329926,0.210575937920591,1.06698515049524,0.4,0.489473684210526
"258","Cytidine",0.118645466402557,0.162179781601936,0.774293950136595,0.7,0.765882352941176
"259","Cytosine",0.137574138544027,0.23394859863312,1.22158172788761,0.2,0.304918032786885
"260","Guanine",0.149693131592771,0.20777199279727,1.04905148976437,0.5,0.588607594936709
"261","Guanosine",0.22836668577895,0.349209817519126,2.14637421964729,0.1,0.178846153846154
"262","Thymine",0.0758631996578251,0.130626161241652,0.601012615830328,0.8,0.835955056179775
"263","Uracil",0.160016477995574,0.263106321917867,1.42819150031325,0.3,0.392957746478873
"264","Xanthine",0.102148372914455,0.156180747287797,0.740351665529321,0.7,0.765882352941176
"265","Xanthosine",0.184953130821368,0.283118796435456,1.57972503688313,0.1,0.178846153846154
"266","UricAcid",0.108561865525625,0.140763383613044,0.655295088353878,0.8,0.835955056179775
"267","Alloxan",0.229365929588362,0.297979124735565,1.69783626233806,0.1,0.178846153846154
"268","Allantoin",0.131449498002905,0.240042675123067,1.26345344542571,0.3,0.392957746478873
"269","ParabanicAcid",0.0895633273874912,0.125488850912499,0.573983995714355,1,1
"270","D,L-a-Amino-NButyricAcid",0.360388667741828,0.470420749308518,3.55316601769635,0.1,0.178846153846154
"271","Y-Amino-NButyricAcid",0.284648193335119,0.40758512436054,2.75202491443576,0.1,0.178846153846154
"272","ε-Amino-NCaproicAcid",0.15525816884812,0.250473689426731,1.33670392029419,0.3,0.392957746478873
"273","D,L-a-Amino-CaprylicAcid",0.218725478367709,0.30355632424511,1.74346517780396,0.2,0.304918032786885
"274","δ-Amino-NValericAcid",0.0974642354033694,0.0857892343235479,0.656877672864078,0.689446211075779,0.765882352941176
"275","Ala-Asp",0.0947462453836606,0.152988957338847,0.72248860821547,0.8,0.835955056179775
"276","Ala-Gln",0.201332814945453,0.271703153140361,1.49226598638686,0.3,0.392957746478873
"277","Ala-Glu",0.189810034050995,0.283587500168766,1.58337550076566,0.2,0.304918032786885
"278","Ala-Gly",0.256064282363888,0.418490985172394,2.87865518505476,0.1,0.178846153846154
"279","Ala-His",0.329096182364501,0.371093149329369,2.3602423725145,0.1,0.178846153846154
"280","Ala-Leu",0.18395171386827,0.267144365085163,1.45810089931945,0.3,0.392957746478873
"281","Ala-Thr",0.234031709075754,0.309122273116931,1.78973651104112,0.1,0.178846153846154
"282","Gly-Asn",0.266658795511477,0.42465055287563,2.95229659121466,0.1,0.178846153846154
"283","Gly-Gln",0.32874130793466,0.350475188167048,2.15834826803929,0.2,0.304918032786885
"284","Gly-Glu",0.155927927558779,0.235768407398379,1.23401549834269,0.3,0.392957746478873
"285","Gly-Met",0.231055281444381,0.312481954533839,1.81802910684019,0.2,0.304918032786885
"286","Met-Ala",0.252504667204598,0.324982149978451,1.92576922206176,0.1,0.178846153846154
"287","Phosphate",0.0268553728550336,0.0314247271711858,0.227109958687928,0.95280094398112,0.964010366851486
"288","Pyrophosphate",0.0532143504314167,0.0757144435372724,0.573417058240355,0.762344753104938,0.955771653797693
"289","TrimetaPhosphate",0.157329354197281,0.163682996054424,1.37003189816231,0.225895482090358,0.928920131274794
"290","TripolyPhosphate",0.0778874398958877,0.0902820958628974,0.694693012159336,0.583808323833523,0.928920131274794
"291","TriethylPhosphate",0.191538791336091,0.182608537794901,1.56382813335964,0.158116837663247,0.928920131274794
"292","Hypophosphite",0.0555183910255167,0.0572972519420625,0.425458358343289,0.913861722765545,0.961030779384412
"293","Adenosine-2’-monophosphate",0.121819197454177,0.12591652503702,1.00838844401728,0.394692106157877,0.928920131274794
"294","Adenosine-3’-monophosphate",0.119491203949416,0.120168521104678,0.95606905175625,0.427231455370893,0.928920131274794
"295","Adenosine-5’-monophosphate",0.156411708249114,0.20229741964527,1.77520039722972,0.163816723665527,0.928920131274794
"296","Adenosine-2’,3’-cyclicmonophosphate",0.0844829354670958,0.097446346509978,0.755771607518497,0.666926661466771,0.928920131274794
"297","Adenosine-3’,5’-cyclicmonophosphate",0.105068727333563,0.0991007839397274,0.770014531272143,0.658426831463371,0.928920131274794
"298","D,L-a-GlycerolPhosphate",0.247621620458703,0.237930325367027,2.18551181474494,0.0593988120237595,0.928920131274794
"299","ß-GlycerolPhosphate",0.173739821561938,0.206537799797306,1.82209637486425,0.107497850042999,0.928920131274794
"300","CarbamylPhosphate",0.168391552675123,0.170081945264674,1.43456767816964,0.23767524649507,0.928920131274794
"301","D-2-Phospho-GlycericAcid",0.0394134331388915,0.0514443373746735,0.379640727277969,0.845663086738265,0.955771653797693
"302","D-3-Phospho-GlycericAcid",0.084475886238912,0.0922609411691726,0.711467223869419,0.669686606267875,0.928920131274794
"303","Guanosine-2’-monophosphate",0.0846593367421213,0.113836800920847,0.899222183085435,0.521529569408612,0.928920131274794
"304","Guanosine-3’-monophosphate",0.0371930196714785,0.0525026016245086,0.387883082319466,0.927441451170977,0.961030779384412
"305","Guanosine-5’-monophosphate",0.0609335494823604,0.0695335043650086,0.523108067661148,0.762064758704826,0.955771653797693
"306","Guanosine-2’,3’-cyclicmonophosphate",0.110320990238411,0.119896796872549,0.953612684427762,0.48215035699286,0.928920131274794
"307","Guanosine-3’,5’-cyclicmonophosphate",0.10482408165585,0.121677278683856,0.969735758982397,0.452370952580948,0.928920131274794
"308","PhosphoenolPyruvate",0.0355923150644092,0.0405353280199474,0.295735011852037,0.988620227595448,0.988620227595448
"309","Phospho-GlycolicAcid",0.0618395030970939,0.0736697578898771,0.556700280079849,0.72592548149037,0.945902900123816
"310","D-Glucose-1-Phosphate",0.0968946626935163,0.113701093614395,0.898012678980433,0.49605007899842,0.928920131274794
"311","D-Glucose-6-Phosphate",0.126964264837799,0.149514753884078,1.23059545355816,0.25037499250015,0.928920131274794
"312","2-Deoxy-D-Glucose-6-Phosphate",0.196253761065603,0.200227096748233,1.7524845759827,0.118997620047599,0.928920131274794
"313","D-Glucosamine-6-Phosphate",0.540659777873955,0.421083655714743,5.09155704291327,0.0117197656046879,0.928920131274794
"314","6-Phospho-GluconicAcid",0.103263011015108,0.130774455848231,1.05314575382265,0.425071498570029,0.928920131274794
"315","Cytidine-2-monophosphate",0.0534237998710706,0.0655065602384409,0.490689289146948,0.797744045119098,0.955771653797693
"316","Cytidine-3-monophosphate",0.0532928886090068,0.0642246575375107,0.480427921491847,0.843023139537209,0.955771653797693
"317","Cytidine-2’,3’-cyclicmonophosphate",0.04267402381157,0.0556604355100972,0.41258786904808,0.915281694366113,0.961030779384412
"318","Cytidine-3’,5’-cyclicmonophosphate",0.0516214685918106,0.0611850951010755,0.45620884742306,0.782004359912802,0.955771653797693
"319","D-Mannose-1-Phosphate",0.117324081135848,0.158799533100508,1.32144093523948,0.263134737305254,0.928920131274794
"320","D-Mannose-6-Phosphate",0.104398462128527,0.135870170481651,1.10063460475804,0.345433091338173,0.928920131274794
"321","Cysteamine-S-Phosphate",0.252096592083377,0.257830072736807,2.43180226368511,0.0961780764384712,0.928920131274794
"322","Phospho-L-Arginine",0.0507943349682105,0.0635189104931066,0.474790552029052,0.846923061538769,0.955771653797693
"323","O-Phospho-D-Serine",0.0871279700739907,0.114248407128224,0.902892928822923,0.519469610607788,0.928920131274794
"324","O-Phospho-L-Serine",0.0990464408942276,0.119307731114603,0.948292777520563,0.454630907381852,0.928920131274794
"325","O-Phospho-L-Threonine",0.22360038481204,0.226885770581904,2.05428943568757,0.0844983100337993,0.928920131274794
"326","Uridine-2’-monophosphate",0.0836688748433791,0.0967083092506346,0.749434730427822,0.587128257434851,0.928920131274794
